,Total International Visitor Arrivals By Inbound Tourism Markets,  Southeast Asia,    Brunei Darussalam,    Indonesia,    Malaysia,    Myanmar,    Philippines,    Thailand,    Vietnam,    Other Markets In Southeast Asia,  Greater China,    China,    Hong Kong SAR,    Taiwan,    Other Markets In Greater China,  North Asia,    Japan,    South Korea,    Other Markets In North Asia,  South Asia,    Bangladesh,    India,    Pakistan,    Sri Lanka,    Other Markets In South Asia,  West Asia,    Iran,    Israel,    Kuwait,    Saudi Arabia,    United Arab Emirates,    Other Markets In West Asia,  Americas,    Canada,    USA,    Other Markets In Americas,  Europe,    Belgium & Luxembourg,    Denmark,    Finland,    France,    Germany,    Italy,    Netherlands,    Norway,    Rep Of Ireland,    Russian Federation,    Spain,    Sweden,    Switzerland,    United Kingdom,    Other Markets In Europe,  Oceania,    Australia,    New Zealand,    Other Markets In Oceania,  Africa,    Egypt,    Mauritius,    South Africa (Rep Of),    Other Markets In Africa,  Others
2024 Jun ,1250266.0,450954.0,3711.0,200081.0,83557.0,12154.0,76120.0,25459.0,42326.0,7546.0,277309.0,217652.0,23831.0,34153.0,1673.0,73476.0,33933.0,39495.0,48.0,143127.0,12594.0,120377.0,2020.0,5036.0,3100.0,16006.0,437.0,1138.0,1007.0,3589.0,6516.0,3319.0,75894.0,7987.0,61459.0,6448.0,101853.0,2252.0,1462.0,1610.0,11040.0,14014.0,4907.0,5114.0,2038.0,2108.0,2907.0,4259.0,1984.0,4513.0,28751.0,14894.0,105430.0,88040.0,14713.0,2677.0,5411.0,241.0,283.0,2554.0,2333.0,806.0
2024 May ,1283125.0,431085.0,3857.0,189188.0,95627.0,13356.0,58316.0,32818.0,31214.0,6709.0,276635.0,222333.0,24044.0,28797.0,1461.0,78968.0,39077.0,39825.0,66.0,178226.0,10959.0,156571.0,1309.0,5780.0,3607.0,10769.0,340.0,1303.0,217.0,1384.0,5435.0,2090.0,73521.0,11175.0,54665.0,7681.0,131407.0,2654.0,1738.0,1533.0,15069.0,29869.0,4488.0,7559.0,1213.0,1792.0,3655.0,3710.0,1460.0,6543.0,33218.0,16906.0,95430.0,79609.0,12824.0,2997.0,6648.0,281.0,372.0,1790.0,4205.0,436.0
2024 Apr ,1355667.0,506497.0,4844.0,243906.0,106193.0,15986.0,53182.0,42517.0,30810.0,9059.0,278922.0,220448.0,26453.0,30318.0,1703.0,69922.0,32493.0,37350.0,79.0,128286.0,11707.0,106716.0,956.0,6187.0,2720.0,17480.0,404.0,1457.0,313.0,1954.0,10518.0,2834.0,70353.0,11579.0,50816.0,7958.0,166625.0,3009.0,2432.0,2011.0,17560.0,34531.0,5528.0,7239.0,1793.0,1940.0,5216.0,4115.0,2137.0,8567.0,49290.0,21257.0,112684.0,96897.0,13094.0,2693.0,4858.0,153.0,582.0,1993.0,2130.0,40.0
2024 Mar ,1480533.0,534344.0,4779.0,205034.0,120256.0,15327.0,100405.0,45982.0,35360.0,7201.0,316016.0,247728.0,35786.0,30344.0,2158.0,97062.0,54891.0,42071.0,100.0,113266.0,8616.0,97050.0,824.0,4464.0,2312.0,13597.0,2207.0,1290.0,176.0,812.0,7311.0,1801.0,87882.0,12717.0,66613.0,8552.0,209660.0,2768.0,2977.0,2973.0,14072.0,43617.0,4883.0,6970.0,2430.0,2689.0,5608.0,4765.0,2935.0,7871.0,80078.0,25024.0,103439.0,91553.0,9159.0,2727.0,5201.0,175.0,346.0,2767.0,1913.0,66.0
2024 Feb ,1436579.0,430676.0,4582.0,190758.0,100200.0,10682.0,55668.0,31096.0,31790.0,5900.0,401423.0,326970.0,26507.0,45710.0,2236.0,114637.0,45299.0,69151.0,187.0,83703.0,8792.0,66210.0,1626.0,4111.0,2964.0,11517.0,506.0,1349.0,516.0,2013.0,4982.0,2151.0,82641.0,13313.0,61607.0,7721.0,217609.0,2485.0,3332.0,3293.0,17261.0,50755.0,5107.0,7423.0,2699.0,2391.0,7152.0,3707.0,3190.0,8160.0,69918.0,30736.0,90338.0,79573.0,8138.0,2627.0,3978.0,220.0,292.0,1623.0,1843.0,57.0
2024 Jan ,1436414.0,486204.0,5215.0,268972.0,93387.0,12361.0,46297.0,27222.0,25914.0,6836.0,276921.0,211194.0,23419.0,38460.0,3848.0,117168.0,37694.0,79264.0,210.0,102939.0,10332.0,82118.0,1411.0,5586.0,3492.0,11378.0,409.0,1075.0,955.0,2080.0,4759.0,2100.0,85721.0,13090.0,63260.0,9371.0,206535.0,2366.0,2989.0,3493.0,12980.0,51793.0,5610.0,7785.0,2140.0,2246.0,9466.0,4034.0,3662.0,7639.0,60952.0,29380.0,143387.0,124144.0,14433.0,4810.0,6120.0,279.0,548.0,3213.0,2080.0,41.0
2023 Dec ,1239778.0,495745.0,9281.0,244343.0,102689.0,13146.0,62901.0,30001.0,24681.0,8703.0,176953.0,130207.0,26440.0,17413.0,2893.0,71457.0,32132.0,39202.0,123.0,114979.0,11743.0,92635.0,1629.0,5975.0,2997.0,12732.0,427.0,693.0,512.0,1569.0,7156.0,2375.0,84895.0,11270.0,66745.0,6880.0,145069.0,1969.0,2046.0,1957.0,10021.0,31173.0,4253.0,6890.0,1735.0,1616.0,5550.0,3589.0,2851.0,6817.0,46380.0,18222.0,129004.0,112310.0,12731.0,3963.0,8910.0,188.0,977.0,4245.0,3500.0,34.0
2023 Nov ,1100466.0,418066.0,4799.0,184281.0,93415.0,11774.0,61213.0,26808.0,27484.0,8292.0,150216.0,104347.0,22646.0,21575.0,1648.0,84155.0,41413.0,42614.0,128.0,109957.0,10118.0,90231.0,1404.0,5048.0,3156.0,10698.0,560.0,592.0,269.0,2652.0,5120.0,1505.0,80022.0,13173.0,58807.0,8042.0,141359.0,2469.0,2276.0,2236.0,12002.0,26528.0,4119.0,7110.0,1954.0,2042.0,4695.0,4098.0,2589.0,6817.0,43198.0,19226.0,100963.0,88201.0,9663.0,3099.0,4995.0,269.0,769.0,1789.0,2168.0,35.0
2023 Oct ,1125964.0,434927.0,4390.0,180884.0,88643.0,11360.0,54649.0,53442.0,32730.0,8829.0,177880.0,122765.0,25108.0,28466.0,1541.0,83818.0,38073.0,45621.0,124.0,114672.0,10721.0,94334.0,1484.0,4487.0,3646.0,11379.0,521.0,1029.0,473.0,1764.0,5534.0,2058.0,60726.0,9006.0,44140.0,7580.0,132680.0,2371.0,2636.0,2059.0,13088.0,24581.0,4058.0,7363.0,1776.0,1776.0,3952.0,4717.0,2273.0,7121.0,36194.0,18715.0,104603.0,88033.0,13059.0,3511.0,5233.0,265.0,349.0,1833.0,2786.0,46.0
2023 Sep ,1130762.0,404106.0,4502.0,175603.0,89384.0,10631.0,50679.0,32307.0,34736.0,6264.0,188758.0,135677.0,25848.0,25818.0,1415.0,94298.0,45989.0,48187.0,122.0,100567.0,10240.0,81016.0,1360.0,5156.0,2795.0,13928.0,1009.0,1805.0,521.0,1844.0,6769.0,1980.0,62765.0,8407.0,46605.0,7753.0,137745.0,2850.0,2158.0,1275.0,13476.0,25075.0,6547.0,8584.0,2013.0,2062.0,3333.0,6203.0,1484.0,6079.0,38715.0,17891.0,122983.0,104497.0,15022.0,3464.0,5582.0,272.0,412.0,2323.0,2575.0,30.0
2023 Aug ,1312693.0,429652.0,6214.0,168122.0,88044.0,10159.0,61802.0,34938.0,51381.0,8992.0,289817.0,215442.0,32627.0,38432.0,3316.0,130666.0,68304.0,62177.0,185.0,104652.0,11124.0,83601.0,1497.0,5567.0,2863.0,19790.0,406.0,1669.0,2157.0,3123.0,8749.0,3686.0,62996.0,9877.0,48489.0,4630.0,173132.0,3466.0,1703.0,838.0,24471.0,24633.0,20896.0,11327.0,1378.0,1984.0,3493.0,10525.0,1396.0,6359.0,41765.0,18898.0,95791.0,80605.0,12499.0,2687.0,6132.0,243.0,377.0,1718.0,3794.0,65.0
2023 Jul ,1419642.0,519036.0,5108.0,229886.0,84876.0,10811.0,77160.0,41367.0,60188.0,9640.0,309869.0,231331.0,32175.0,43097.0,3266.0,103861.0,42730.0,60960.0,171.0,114733.0,11100.0,93056.0,2654.0,4509.0,3414.0,22773.0,298.0,1596.0,1511.0,5249.0,9793.0,4326.0,81637.0,9770.0,64786.0,7081.0,144826.0,3995.0,2881.0,1062.0,18158.0,21074.0,6965.0,10867.0,3585.0,2344.0,3627.0,5983.0,1930.0,8501.0,36886.0,16968.0,116877.0,98408.0,15350.0,3119.0,5926.0,348.0,413.0,2166.0,2999.0,104.0
2023 Jun ,1129310.0,475814.0,4121.0,217052.0,85945.0,9877.0,71409.0,31029.0,48924.0,7457.0,167228.0,113290.0,23179.0,28980.0,1779.0,65648.0,25370.0,40187.0,91.0,133366.0,9685.0,114588.0,1724.0,4368.0,3001.0,15806.0,322.0,1012.0,967.0,2965.0,7525.0,3015.0,70361.0,6664.0,59074.0,4623.0,88537.0,1646.0,1499.0,1221.0,9709.0,15026.0,3426.0,5041.0,1831.0,1626.0,2796.0,3562.0,1538.0,3991.0,24244.0,11381.0,107915.0,90770.0,13352.0,3793.0,4575.0,211.0,349.0,1946.0,2069.0,60.0
2023 May ,1112512.0,456263.0,4570.0,183758.0,98347.0,10104.0,59346.0,40375.0,50765.0,8998.0,148053.0,95613.0,26356.0,24313.0,1771.0,68419.0,29130.0,39203.0,86.0,147713.0,9529.0,130444.0,1222.0,4276.0,2242.0,9408.0,190.0,1184.0,305.0,836.0,5240.0,1653.0,70426.0,12592.0,50898.0,6936.0,113597.0,2066.0,1727.0,1122.0,13557.0,22534.0,4092.0,6631.0,1210.0,1777.0,3966.0,3689.0,1585.0,5383.0,30608.0,13650.0,94073.0,79700.0,11146.0,3227.0,4515.0,253.0,363.0,1823.0,2076.0,45.0
2023 Apr ,1128610.0,489334.0,5850.0,220067.0,98190.0,11787.0,57030.0,49727.0,36630.0,10053.0,150903.0,90725.0,32791.0,25280.0,2107.0,54012.0,22134.0,31780.0,98.0,114668.0,9824.0,97032.0,684.0,4897.0,2231.0,11604.0,421.0,1275.0,308.0,750.0,6714.0,2136.0,61029.0,9428.0,44779.0,6822.0,135415.0,2144.0,2407.0,1318.0,13260.0,24219.0,4220.0,6398.0,1810.0,1893.0,5044.0,4517.0,2150.0,7350.0,41576.0,17109.0,106741.0,92937.0,11065.0,2739.0,4812.0,155.0,581.0,2177.0,1899.0,92.0
2023 Mar ,1021040.0,414934.0,4460.0,171507.0,97835.0,9122.0,50591.0,43145.0,31347.0,6927.0,105132.0,60888.0,23465.0,19204.0,1575.0,71803.0,36302.0,35396.0,105.0,92470.0,9711.0,75339.0,1060.0,4088.0,2272.0,12923.0,1414.0,1639.0,205.0,880.0,6795.0,1990.0,73624.0,12626.0,54157.0,6841.0,161938.0,2215.0,2679.0,2131.0,12924.0,34976.0,4643.0,6956.0,2342.0,1992.0,6635.0,3936.0,2786.0,5940.0,50330.0,21453.0,83827.0,74268.0,6871.0,2688.0,4300.0,168.0,474.0,1995.0,1663.0,89.0
2023 Feb ,957844.0,376496.0,4739.0,156448.0,88040.0,7734.0,47446.0,37156.0,27896.0,7037.0,82278.0,35312.0,20227.0,25037.0,1702.0,97981.0,32932.0,64876.0,173.0,76883.0,8006.0,61301.0,1584.0,3829.0,2163.0,9159.0,175.0,1510.0,359.0,688.0,4971.0,1456.0,72702.0,13407.0,52830.0,6465.0,156384.0,2079.0,3216.0,2312.0,13722.0,31063.0,4861.0,7053.0,2439.0,1868.0,7009.0,3302.0,2967.0,6310.0,45785.0,22398.0,81765.0,72385.0,6821.0,2559.0,4073.0,205.0,274.0,1698.0,1896.0,123.0
2023 Jan ,931814.0,362255.0,3653.0,168975.0,72756.0,8982.0,38484.0,29735.0,31824.0,7846.0,89388.0,28375.0,26208.0,31444.0,3361.0,78923.0,18335.0,60457.0,131.0,72231.0,8789.0,56605.0,1452.0,3083.0,2302.0,8180.0,156.0,1342.0,672.0,532.0,4074.0,1404.0,67902.0,11207.0,50492.0,6203.0,131839.0,1707.0,2674.0,2247.0,9873.0,26678.0,4082.0,6430.0,1891.0,1767.0,6637.0,3229.0,3234.0,5034.0,38123.0,18233.0,116794.0,102888.0,10766.0,3140.0,4182.0,192.0,418.0,2229.0,1343.0,120.0
2022 Dec ,931441.0,438856.0,7324.0,197261.0,95475.0,10523.0,56509.0,36006.0,27661.0,8097.0,60836.0,19685.0,26605.0,12603.0,1943.0,52077.0,20209.0,31817.0,51.0,91730.0,9857.0,74067.0,1623.0,4270.0,1913.0,10007.0,126.0,916.0,476.0,689.0,6135.0,1665.0,67342.0,9047.0,53688.0,4607.0,102982.0,1458.0,1769.0,1391.0,8554.0,20499.0,2777.0,5634.0,1610.0,1359.0,3503.0,2604.0,2510.0,4468.0,33051.0,11795.0,101182.0,89159.0,9139.0,2884.0,6334.0,220.0,643.0,3371.0,2100.0,95.0
2022 Nov ,816340.0,358257.0,4273.0,144444.0,72305.0,9070.0,54793.0,34566.0,30175.0,8631.0,49506.0,16024.0,19670.0,12592.0,1220.0,54365.0,22698.0,31627.0,40.0,91381.0,10481.0,73694.0,1643.0,3896.0,1667.0,9139.0,232.0,1403.0,229.0,1085.0,4888.0,1302.0,61086.0,9638.0,45666.0,5782.0,109366.0,1965.0,2014.0,1810.0,10546.0,18279.0,3775.0,5853.0,1728.0,1567.0,2408.0,3939.0,2091.0,5151.0,33269.0,14971.0,78869.0,69046.0,7289.0,2534.0,4266.0,283.0,663.0,1591.0,1729.0,105.0
2022 Oct ,816833.0,374927.0,3733.0,133408.0,77092.0,9078.0,56747.0,52274.0,36242.0,6353.0,42415.0,14971.0,16052.0,10543.0,849.0,45806.0,17459.0,28294.0,53.0,101510.0,10975.0,81796.0,1492.0,4707.0,2540.0,9382.0,232.0,2186.0,222.0,738.0,4671.0,1333.0,49922.0,7217.0,36734.0,5971.0,103897.0,1730.0,2340.0,1759.0,10665.0,18184.0,3697.0,6523.0,1771.0,1530.0,1312.0,3987.0,1913.0,5491.0,30244.0,12751.0,85122.0,73728.0,8742.0,2652.0,3738.0,259.0,226.0,1565.0,1688.0,114.0
2022 Sep ,782215.0,340369.0,3809.0,120169.0,81914.0,8341.0,44856.0,32426.0,41129.0,7725.0,36676.0,14127.0,13659.0,7918.0,972.0,45900.0,19317.0,26520.0,63.0,104616.0,10694.0,86393.0,1199.0,4430.0,1900.0,9810.0,184.0,1990.0,468.0,813.0,4980.0,1375.0,46342.0,6594.0,34503.0,5245.0,100653.0,2190.0,2070.0,1122.0,10200.0,17810.0,4994.0,6814.0,1311.0,1592.0,756.0,4841.0,1429.0,4225.0,29963.0,11336.0,94039.0,83070.0,8796.0,2173.0,3713.0,255.0,210.0,1949.0,1299.0,97.0
2022 Aug ,728744.0,315820.0,3426.0,108252.0,63905.0,8594.0,42542.0,33284.0,48939.0,6878.0,33996.0,14735.0,10669.0,7420.0,1172.0,50394.0,19153.0,31174.0,67.0,94325.0,10828.0,76249.0,1458.0,3901.0,1889.0,11241.0,122.0,1199.0,1053.0,1190.0,5974.0,1703.0,44100.0,6116.0,34497.0,3487.0,110258.0,2256.0,1608.0,628.0,16618.0,16917.0,9544.0,8174.0,1432.0,1482.0,484.0,6867.0,1075.0,4335.0,27611.0,11227.0,65622.0,56917.0,7107.0,1598.0,2903.0,197.0,198.0,1233.0,1275.0,85.0
2022 Jul ,726739.0,332161.0,3239.0,119086.0,61575.0,10398.0,45338.0,36615.0,48870.0,7040.0,35493.0,16622.0,11343.0,6104.0,1424.0,40886.0,12266.0,28570.0,50.0,95003.0,13119.0,75130.0,1405.0,3058.0,2291.0,12301.0,135.0,1145.0,747.0,1417.0,6322.0,2535.0,47365.0,5268.0,39120.0,2977.0,83308.0,2206.0,2634.0,894.0,10598.0,12345.0,3366.0,7135.0,2067.0,1483.0,452.0,3331.0,1394.0,4747.0,22493.0,8163.0,77575.0,68378.0,7264.0,1933.0,2582.0,164.0,196.0,1281.0,941.0,65.0
2022 Jun ,543733.0,269088.0,2202.0,110094.0,49878.0,9095.0,32139.0,23406.0,36857.0,5417.0,23566.0,10191.0,9220.0,3302.0,853.0,25153.0,8386.0,16724.0,43.0,76667.0,7352.0,64337.0,999.0,2709.0,1270.0,5839.0,169.0,753.0,281.0,558.0,3012.0,1066.0,36723.0,3651.0,30990.0,2082.0,48879.0,885.0,1098.0,710.0,5501.0,8868.0,1656.0,3165.0,1079.0,869.0,308.0,1603.0,942.0,2169.0,14906.0,5120.0,55574.0,50412.0,3909.0,1253.0,2184.0,132.0,110.0,938.0,1004.0,60.0
2022 May ,418458.0,204656.0,2271.0,86745.0,43214.0,6218.0,22379.0,18487.0,21570.0,3772.0,17723.0,7150.0,8115.0,1961.0,497.0,16953.0,6321.0,10614.0,18.0,69978.0,6352.0,59198.0,448.0,2759.0,1221.0,5283.0,127.0,930.0,115.0,333.0,3047.0,731.0,25106.0,3604.0,19764.0,1738.0,42110.0,765.0,898.0,588.0,5068.0,7034.0,1372.0,3362.0,745.0,625.0,218.0,1291.0,720.0,2154.0,12737.0,4533.0,35326.0,31406.0,3061.0,859.0,1300.0,62.0,95.0,599.0,544.0,23.0
2022 Apr ,295095.0,137294.0,807.0,58330.0,25319.0,5474.0,16940.0,10647.0,16657.0,3120.0,13729.0,5048.0,7244.0,1052.0,385.0,9940.0,4343.0,5578.0,19.0,52271.0,7595.0,41079.0,147.0,2928.0,522.0,3997.0,21.0,703.0,52.0,201.0,2539.0,481.0,14729.0,2004.0,12001.0,724.0,32971.0,564.0,1004.0,448.0,3744.0,5378.0,933.0,2391.0,617.0,381.0,181.0,1137.0,635.0,1885.0,10811.0,2862.0,29323.0,27380.0,1448.0,495.0,814.0,34.0,53.0,384.0,343.0,27.0
2022 Mar ,121207.0,41170.0,280.0,13622.0,10610.0,3516.0,6250.0,3038.0,2932.0,922.0,8563.0,4131.0,3774.0,597.0,61.0,3555.0,869.0,2686.0,0.0,36779.0,7480.0,27531.0,54.0,1529.0,185.0,1721.0,12.0,321.0,4.0,79.0,1084.0,221.0,6521.0,871.0,5448.0,202.0,14625.0,214.0,438.0,181.0,1759.0,2434.0,450.0,940.0,168.0,105.0,78.0,391.0,337.0,718.0,5498.0,914.0,8126.0,7883.0,161.0,82.0,129.0,19.0,5.0,49.0,56.0,18.0
2022 Feb ,67765.0,18760.0,163.0,6872.0,4468.0,2024.0,2026.0,1622.0,1055.0,530.0,6177.0,3823.0,1794.0,531.0,29.0,2508.0,534.0,1972.0,2.0,20077.0,3361.0,15567.0,28.0,885.0,236.0,620.0,4.0,298.0,4.0,29.0,203.0,82.0,4442.0,545.0,3775.0,122.0,10444.0,70.0,340.0,129.0,1760.0,1645.0,346.0,713.0,69.0,49.0,49.0,228.0,237.0,576.0,3797.0,436.0,4673.0,4546.0,79.0,48.0,58.0,7.0,6.0,23.0,22.0,6.0
2022 Jan ,57174.0,17563.0,113.0,5885.0,5203.0,2954.0,1469.0,1060.0,627.0,252.0,5759.0,4361.0,901.0,430.0,67.0,2505.0,552.0,1953.0,0.0,16901.0,4893.0,11428.0,68.0,444.0,68.0,288.0,3.0,94.0,2.0,37.0,110.0,42.0,2928.0,469.0,2264.0,195.0,7225.0,61.0,194.0,121.0,1077.0,1193.0,212.0,474.0,95.0,44.0,50.0,238.0,214.0,372.0,2362.0,518.0,3882.0,3759.0,87.0,36.0,114.0,12.0,7.0,39.0,56.0,9.0
2021 Dec ,92796.0,30006.0,231.0,11177.0,10939.0,2991.0,1966.0,1421.0,840.0,441.0,5963.0,4764.0,754.0,392.0,53.0,2770.0,580.0,2187.0,3.0,33939.0,5559.0,27672.0,59.0,587.0,62.0,361.0,11.0,99.0,1.0,46.0,141.0,63.0,4590.0,743.0,3720.0,127.0,9450.0,68.0,244.0,157.0,1195.0,1594.0,319.0,717.0,56.0,53.0,42.0,213.0,211.0,515.0,3668.0,398.0,5632.0,5525.0,63.0,44.0,74.0,14.0,9.0,12.0,39.0,11.0
2021 Nov ,41179.0,12937.0,138.0,5756.0,2537.0,1242.0,2450.0,361.0,407.0,46.0,4307.0,3479.0,527.0,279.0,22.0,2032.0,430.0,1600.0,2.0,11879.0,4170.0,7488.0,36.0,150.0,35.0,373.0,5.0,131.0,16.0,39.0,152.0,30.0,2231.0,229.0,1890.0,112.0,5668.0,51.0,190.0,19.0,799.0,1074.0,239.0,432.0,49.0,13.0,37.0,199.0,42.0,238.0,2117.0,169.0,1668.0,1624.0,25.0,19.0,79.0,19.0,2.0,23.0,35.0,5.0
2021 Oct ,24006.0,6448.0,121.0,1954.0,2104.0,312.0,1042.0,623.0,264.0,28.0,6971.0,6065.0,494.0,378.0,34.0,1264.0,779.0,485.0,0.0,4055.0,1079.0,2936.0,6.0,19.0,15.0,313.0,10.0,107.0,4.0,27.0,127.0,38.0,1092.0,121.0,840.0,131.0,3453.0,22.0,74.0,23.0,423.0,997.0,98.0,208.0,54.0,44.0,44.0,95.0,53.0,78.0,965.0,275.0,332.0,263.0,58.0,11.0,71.0,10.0,3.0,33.0,25.0,7.0
2021 Sep ,19009.0,2774.0,70.0,669.0,797.0,159.0,655.0,290.0,104.0,30.0,10099.0,8952.0,669.0,442.0,36.0,1299.0,780.0,519.0,0.0,1105.0,385.0,678.0,6.0,15.0,21.0,158.0,6.0,33.0,5.0,17.0,82.0,15.0,867.0,139.0,652.0,76.0,2297.0,33.0,37.0,19.0,337.0,769.0,69.0,117.0,56.0,39.0,28.0,44.0,31.0,68.0,391.0,259.0,366.0,278.0,75.0,13.0,43.0,7.0,1.0,16.0,19.0,1.0
2021 Aug ,15887.0,1933.0,81.0,315.0,683.0,87.0,392.0,264.0,89.0,22.0,9978.0,8907.0,602.0,456.0,13.0,714.0,341.0,373.0,0.0,112.0,2.0,95.0,4.0,6.0,5.0,207.0,2.0,60.0,7.0,32.0,78.0,28.0,1001.0,72.0,828.0,101.0,1515.0,40.0,33.0,16.0,327.0,139.0,54.0,54.0,39.0,31.0,32.0,38.0,41.0,108.0,367.0,196.0,370.0,301.0,50.0,19.0,54.0,12.0,5.0,5.0,32.0,3.0
2021 Jul ,18517.0,1968.0,104.0,156.0,554.0,247.0,438.0,334.0,116.0,19.0,13514.0,12669.0,750.0,79.0,16.0,499.0,297.0,202.0,0.0,342.0,1.0,332.0,2.0,2.0,5.0,143.0,0.0,65.0,0.0,6.0,42.0,30.0,777.0,53.0,685.0,39.0,874.0,23.0,7.0,11.0,97.0,151.0,33.0,34.0,12.0,21.0,13.0,24.0,24.0,43.0,291.0,90.0,366.0,289.0,73.0,4.0,31.0,0.0,0.0,17.0,14.0,3.0
2021 Jun ,10029.0,1561.0,64.0,519.0,402.0,175.0,262.0,99.0,36.0,4.0,7383.0,6983.0,361.0,29.0,10.0,219.0,121.0,98.0,0.0,19.0,3.0,12.0,0.0,2.0,2.0,57.0,0.0,30.0,0.0,1.0,22.0,4.0,245.0,14.0,206.0,25.0,286.0,6.0,3.0,6.0,26.0,42.0,8.0,18.0,2.0,4.0,5.0,7.0,2.0,12.0,100.0,45.0,251.0,193.0,58.0,0.0,8.0,1.0,0.0,6.0,1.0,0.0
2021 May ,14190.0,4478.0,48.0,1800.0,844.0,720.0,745.0,163.0,147.0,11.0,7852.0,7388.0,276.0,178.0,10.0,451.0,281.0,170.0,0.0,122.0,32.0,84.0,0.0,5.0,1.0,108.0,0.0,48.0,0.0,2.0,42.0,16.0,342.0,27.0,254.0,61.0,499.0,26.0,17.0,16.0,83.0,57.0,16.0,36.0,15.0,6.0,17.0,6.0,6.0,23.0,92.0,83.0,294.0,250.0,32.0,12.0,44.0,5.0,4.0,9.0,26.0,0.0
2021 Apr ,25737.0,7262.0,80.0,3278.0,1442.0,1176.0,789.0,246.0,239.0,12.0,9591.0,9056.0,221.0,302.0,12.0,1068.0,797.0,271.0,0.0,5640.0,1700.0,3729.0,13.0,165.0,33.0,150.0,4.0,62.0,0.0,7.0,59.0,18.0,684.0,50.0,563.0,71.0,1014.0,26.0,23.0,11.0,174.0,114.0,58.0,79.0,43.0,10.0,35.0,35.0,29.0,49.0,136.0,192.0,292.0,242.0,39.0,11.0,35.0,6.0,3.0,12.0,14.0,1.0
2021 Mar ,27202.0,7331.0,119.0,3032.0,1530.0,964.0,1112.0,178.0,363.0,33.0,9467.0,8892.0,245.0,316.0,14.0,1008.0,601.0,405.0,2.0,7233.0,2736.0,4193.0,30.0,238.0,36.0,142.0,8.0,30.0,0.0,1.0,67.0,36.0,582.0,77.0,423.0,82.0,1085.0,14.0,30.0,15.0,147.0,135.0,73.0,58.0,23.0,12.0,53.0,25.0,50.0,53.0,168.0,229.0,318.0,274.0,28.0,16.0,36.0,8.0,3.0,8.0,17.0,0.0
2021 Feb ,18141.0,5666.0,84.0,2176.0,1130.0,905.0,880.0,179.0,286.0,26.0,4984.0,4498.0,245.0,231.0,10.0,743.0,358.0,385.0,0.0,4697.0,1203.0,3215.0,14.0,107.0,158.0,94.0,4.0,11.0,5.0,7.0,58.0,9.0,523.0,76.0,387.0,60.0,1128.0,22.0,23.0,17.0,204.0,146.0,70.0,98.0,31.0,14.0,42.0,33.0,19.0,77.0,146.0,186.0,271.0,234.0,31.0,6.0,35.0,6.0,1.0,8.0,20.0,0.0
2021 Jan ,23366.0,6786.0,108.0,2625.0,1255.0,1223.0,763.0,221.0,553.0,38.0,7222.0,6599.0,288.0,325.0,10.0,987.0,555.0,431.0,1.0,5186.0,1027.0,3946.0,25.0,172.0,16.0,141.0,4.0,28.0,0.0,11.0,70.0,28.0,669.0,87.0,509.0,73.0,1690.0,24.0,49.0,45.0,402.0,194.0,193.0,106.0,45.0,16.0,40.0,58.0,37.0,51.0,111.0,319.0,642.0,579.0,63.0,0.0,42.0,6.0,4.0,10.0,22.0,1.0
2020 Dec ,24170.0,8826.0,170.0,4204.0,1405.0,716.0,1175.0,323.0,803.0,30.0,8422.0,7657.0,510.0,244.0,11.0,1149.0,712.0,437.0,0.0,2670.0,267.0,2252.0,37.0,90.0,24.0,175.0,6.0,49.0,1.0,2.0,93.0,24.0,656.0,71.0,515.0,70.0,1210.0,14.0,18.0,12.0,166.0,172.0,60.0,89.0,16.0,17.0,61.0,30.0,21.0,63.0,290.0,181.0,1000.0,887.0,106.0,7.0,61.0,13.0,2.0,15.0,31.0,1.0
2020 Nov ,14749.0,6457.0,104.0,3121.0,1270.0,472.0,710.0,195.0,566.0,19.0,4475.0,4007.0,313.0,146.0,9.0,1042.0,763.0,279.0,0.0,653.0,65.0,500.0,18.0,46.0,24.0,112.0,8.0,37.0,0.0,11.0,48.0,8.0,522.0,62.0,414.0,46.0,968.0,10.0,27.0,17.0,122.0,114.0,37.0,76.0,15.0,13.0,36.0,30.0,15.0,50.0,267.0,139.0,481.0,438.0,38.0,5.0,39.0,6.0,5.0,13.0,15.0,0.0
2020 Oct ,13399.0,6378.0,120.0,2424.0,1415.0,331.0,1076.0,229.0,759.0,24.0,3626.0,3169.0,300.0,152.0,5.0,790.0,513.0,277.0,0.0,566.0,52.0,428.0,28.0,34.0,24.0,128.0,2.0,27.0,0.0,11.0,73.0,15.0,506.0,47.0,407.0,52.0,1066.0,16.0,19.0,18.0,213.0,121.0,66.0,77.0,16.0,10.0,30.0,22.0,24.0,77.0,205.0,152.0,290.0,223.0,63.0,4.0,49.0,6.0,4.0,14.0,25.0,0.0
2020 Sep ,9500.0,3770.0,91.0,1428.0,1063.0,244.0,360.0,260.0,310.0,14.0,2845.0,2422.0,291.0,128.0,4.0,568.0,353.0,215.0,0.0,487.0,36.0,394.0,22.0,32.0,3.0,117.0,6.0,13.0,3.0,3.0,69.0,23.0,443.0,45.0,356.0,42.0,1007.0,12.0,25.0,21.0,190.0,78.0,39.0,41.0,33.0,24.0,24.0,44.0,9.0,43.0,253.0,171.0,222.0,155.0,63.0,4.0,41.0,10.0,0.0,10.0,21.0,0.0
2020 Aug ,8912.0,2833.0,8.0,1027.0,718.0,155.0,480.0,206.0,230.0,9.0,2622.0,2163.0,342.0,113.0,4.0,828.0,511.0,317.0,0.0,717.0,35.0,581.0,42.0,36.0,23.0,92.0,11.0,16.0,6.0,5.0,44.0,10.0,506.0,39.0,400.0,67.0,1078.0,15.0,24.0,45.0,240.0,133.0,36.0,41.0,25.0,8.0,41.0,28.0,23.0,49.0,239.0,131.0,181.0,166.0,12.0,3.0,55.0,12.0,0.0,21.0,22.0,0.0
2020 Jul ,6843.0,2310.0,14.0,793.0,626.0,52.0,400.0,243.0,169.0,13.0,1410.0,958.0,333.0,115.0,4.0,827.0,565.0,262.0,0.0,688.0,3.0,634.0,24.0,18.0,9.0,136.0,0.0,40.0,0.0,2.0,75.0,19.0,443.0,49.0,360.0,34.0,850.0,19.0,11.0,5.0,90.0,74.0,45.0,46.0,9.0,18.0,28.0,29.0,12.0,47.0,278.0,139.0,160.0,131.0,27.0,2.0,19.0,4.0,0.0,10.0,5.0,0.0
2020 Jun ,2171.0,1100.0,1.0,301.0,464.0,8.0,128.0,158.0,40.0,0.0,220.0,118.0,68.0,34.0,0.0,185.0,137.0,48.0,0.0,147.0,11.0,130.0,3.0,3.0,0.0,25.0,0.0,4.0,0.0,0.0,19.0,2.0,153.0,10.0,130.0,13.0,266.0,3.0,1.0,0.0,21.0,19.0,8.0,9.0,5.0,1.0,35.0,2.0,1.0,12.0,77.0,72.0,66.0,63.0,3.0,0.0,9.0,0.0,0.0,7.0,2.0,0.0
2020 May ,880.0,574.0,0.0,196.0,157.0,7.0,65.0,138.0,11.0,0.0,29.0,23.0,2.0,4.0,0.0,38.0,30.0,8.0,0.0,86.0,1.0,79.0,1.0,5.0,0.0,6.0,0.0,4.0,0.0,1.0,1.0,0.0,38.0,0.0,34.0,4.0,90.0,3.0,0.0,0.0,2.0,7.0,2.0,0.0,3.0,0.0,7.0,1.0,2.0,3.0,17.0,43.0,18.0,16.0,1.0,1.0,1.0,0.0,1.0,0.0,0.0,0.0
2020 Apr ,750.0,503.0,3.0,208.0,96.0,6.0,32.0,153.0,5.0,0.0,33.0,18.0,13.0,2.0,0.0,34.0,25.0,9.0,0.0,95.0,4.0,87.0,0.0,2.0,2.0,8.0,0.0,0.0,0.0,1.0,2.0,5.0,13.0,0.0,13.0,0.0,47.0,0.0,0.0,2.0,5.0,2.0,1.0,1.0,1.0,2.0,7.0,0.0,0.0,0.0,18.0,8.0,14.0,7.0,1.0,6.0,3.0,0.0,0.0,0.0,3.0,0.0
2020 Mar ,240001.0,88027.0,514.0,46499.0,14887.0,4762.0,11860.0,2898.0,5390.0,1217.0,8410.0,1488.0,5315.0,1419.0,188.0,12809.0,11611.0,1198.0,0.0,24252.0,3738.0,17848.0,285.0,1660.0,721.0,1019.0,8.0,211.0,16.0,44.0,587.0,153.0,15567.0,2414.0,10408.0,2745.0,67261.0,819.0,1206.0,1179.0,5464.0,14758.0,1238.0,2903.0,857.0,653.0,3707.0,1306.0,1486.0,2326.0,20614.0,8745.0,21275.0,18736.0,2127.0,412.0,1381.0,69.0,62.0,854.0,396.0,0.0
2020 Feb ,732966.0,247016.0,1764.0,115351.0,40829.0,8018.0,32073.0,24667.0,19791.0,4523.0,36496.0,6222.0,12808.0,16922.0,544.0,69624.0,53425.0,16195.0,4.0,64947.0,6054.0,52946.0,742.0,3591.0,1614.0,5452.0,518.0,1377.0,125.0,407.0,2268.0,757.0,53615.0,9146.0,37568.0,6901.0,190088.0,2444.0,4082.0,4009.0,18495.0,39857.0,7492.0,6637.0,3188.0,1483.0,9135.0,3892.0,4539.0,7352.0,49475.0,28008.0,62292.0,54791.0,6185.0,1316.0,3435.0,302.0,228.0,1723.0,1182.0,1.0
2020 Jan ,1688102.0,528985.0,5364.0,282144.0,90720.0,11341.0,49522.0,34152.0,46350.0,9392.0,413392.0,329047.0,38681.0,42608.0,3056.0,127547.0,57234.0,70277.0,36.0,123324.0,11631.0,99643.0,1774.0,6236.0,4040.0,13545.0,493.0,2958.0,1127.0,3007.0,4178.0,1782.0,98790.0,15044.0,72577.0,11169.0,225192.0,2704.0,3835.0,3713.0,16613.0,40228.0,10661.0,7940.0,3262.0,2487.0,15880.0,4872.0,6982.0,8648.0,61634.0,35733.0,148055.0,130626.0,15141.0,2288.0,9271.0,584.0,1185.0,4659.0,2843.0,1.0
2019 Dec ,1724961.0,662907.0,10298.0,339505.0,133278.0,13536.0,76603.0,40733.0,38451.0,10503.0,342199.0,272742.0,44954.0,20723.0,3780.0,118932.0,69706.0,49219.0,7.0,146360.0,13812.0,115193.0,1976.0,10983.0,4396.0,14757.0,581.0,2032.0,729.0,1344.0,7174.0,2897.0,100218.0,14314.0,76133.0,9771.0,189183.0,2536.0,2844.0,3263.0,13745.0,34026.0,11129.0,7148.0,2860.0,2006.0,9629.0,4942.0,6391.0,8986.0,54172.0,25506.0,134070.0,117796.0,13501.0,2773.0,16335.0,637.0,2920.0,8596.0,4182.0,0.0
2019 Nov ,1533668.0,565680.0,6366.0,266774.0,111473.0,12598.0,72701.0,40986.0,45125.0,9657.0,319671.0,248636.0,40383.0,28548.0,2104.0,125534.0,72765.0,52765.0,4.0,139058.0,11040.0,113717.0,1474.0,9755.0,3072.0,12438.0,698.0,2009.0,450.0,999.0,6406.0,1876.0,82972.0,11355.0,63363.0,8254.0,179959.0,2820.0,2800.0,2775.0,15407.0,37191.0,6074.0,8111.0,2584.0,2201.0,8171.0,4946.0,3908.0,8759.0,48343.0,25869.0,100883.0,89052.0,9615.0,2216.0,7472.0,474.0,1410.0,3042.0,2546.0,1.0
2019 Oct ,1530479.0,555996.0,4687.0,251936.0,97378.0,13824.0,73812.0,63335.0,41501.0,9523.0,331072.0,258611.0,36073.0,34588.0,1800.0,136707.0,80106.0,56598.0,3.0,142972.0,12810.0,116182.0,1370.0,8108.0,4502.0,12276.0,738.0,2982.0,357.0,909.0,5338.0,1952.0,68654.0,8869.0,52674.0,7111.0,164050.0,2576.0,3168.0,2843.0,16369.0,28485.0,5655.0,7566.0,2633.0,2117.0,5569.0,4798.0,3677.0,8629.0,48679.0,21286.0,112052.0,97092.0,13233.0,1727.0,6697.0,402.0,773.0,3087.0,2435.0,3.0
2019 Sep ,1463543.0,511664.0,6356.0,237637.0,98438.0,11742.0,62660.0,39776.0,44012.0,11043.0,318888.0,248568.0,35351.0,33138.0,1831.0,132515.0,80823.0,51660.0,32.0,129203.0,10698.0,105075.0,1474.0,8314.0,3642.0,11778.0,1083.0,2160.0,382.0,959.0,5312.0,1882.0,64342.0,7996.0,49493.0,6853.0,159864.0,2677.0,2878.0,2210.0,15137.0,26979.0,6993.0,8423.0,1975.0,1945.0,4385.0,6479.0,2307.0,6753.0,49918.0,20805.0,127327.0,109506.0,15783.0,2038.0,7961.0,414.0,625.0,4257.0,2665.0,1.0
2019 Aug ,1736102.0,520958.0,5156.0,228095.0,100225.0,11942.0,66587.0,39919.0,59034.0,10000.0,499809.0,397070.0,52768.0,45776.0,4195.0,173762.0,108104.0,65643.0,15.0,135500.0,11808.0,108736.0,1547.0,9693.0,3716.0,22847.0,798.0,1937.0,2110.0,2490.0,11049.0,4463.0,71328.0,11130.0,54865.0,5333.0,203813.0,4092.0,2781.0,1226.0,28953.0,27209.0,21699.0,12792.0,2106.0,2093.0,4059.0,12701.0,2454.0,7687.0,50718.0,23243.0,99796.0,84023.0,13913.0,1860.0,8289.0,440.0,943.0,2815.0,4091.0,0.0
2019 Jul ,1802593.0,617788.0,5882.0,294173.0,93071.0,14805.0,68893.0,51916.0,78515.0,10533.0,498897.0,389503.0,50820.0,55340.0,3234.0,130551.0,71410.0,59119.0,22.0,138129.0,12564.0,112026.0,2581.0,7768.0,3190.0,20611.0,413.0,1866.0,1663.0,2489.0,9561.0,4619.0,88663.0,10260.0,71343.0,7060.0,173060.0,4483.0,5408.0,1992.0,21953.0,23843.0,7418.0,11757.0,5103.0,2722.0,4030.0,6997.0,4199.0,9690.0,43869.0,19596.0,127346.0,107383.0,17922.0,2041.0,7548.0,705.0,1180.0,2900.0,2763.0,0.0
2019 Jun ,1551847.0,622117.0,5276.0,311036.0,102074.0,12899.0,73977.0,35558.0,72441.0,8856.0,338988.0,266107.0,36226.0,34189.0,2466.0,102441.0,56709.0,45706.0,26.0,170742.0,13393.0,144118.0,2698.0,7221.0,3312.0,14877.0,388.0,1502.0,932.0,2204.0,6917.0,2934.0,81305.0,7436.0,67088.0,6781.0,110587.0,1860.0,1881.0,1867.0,11822.0,17574.0,4404.0,5341.0,2319.0,2108.0,3535.0,3746.0,2612.0,5089.0,32813.0,13616.0,104003.0,87793.0,14219.0,1991.0,6787.0,493.0,802.0,3428.0,2064.0,0.0
2019 May ,1487791.0,535242.0,5370.0,215825.0,106518.0,13300.0,89800.0,45735.0,49071.0,9623.0,349842.0,283445.0,36429.0,28308.0,1660.0,102715.0,59138.0,43561.0,16.0,202168.0,9595.0,182727.0,856.0,6772.0,2218.0,8729.0,212.0,1523.0,130.0,378.0,5297.0,1189.0,69238.0,11015.0,51455.0,6768.0,119900.0,1967.0,1850.0,1483.0,14413.0,18753.0,4775.0,6589.0,1791.0,1623.0,5276.0,3374.0,2402.0,6347.0,34740.0,14517.0,94996.0,80476.0,12791.0,1729.0,4961.0,198.0,590.0,2560.0,1613.0,0.0
2019 Apr ,1596724.0,554453.0,5159.0,240868.0,95076.0,16252.0,83453.0,57010.0,45613.0,11022.0,389376.0,302098.0,52206.0,32924.0,2148.0,104688.0,65212.0,39464.0,12.0,145854.0,11091.0,120225.0,1293.0,10438.0,2807.0,14102.0,323.0,2071.0,514.0,1019.0,7716.0,2459.0,75440.0,11429.0,54189.0,9822.0,181375.0,3530.0,3286.0,2148.0,17974.0,33428.0,6381.0,7791.0,3405.0,2026.0,6112.0,4865.0,3920.0,9929.0,56004.0,20576.0,124189.0,107503.0,14142.0,2544.0,7247.0,415.0,1192.0,3422.0,2218.0,0.0
2019 Mar ,1564664.0,530303.0,7996.0,249164.0,106200.0,13499.0,59383.0,45072.0,41153.0,7836.0,365215.0,300209.0,34355.0,29032.0,1619.0,131235.0,84048.0,47168.0,19.0,128593.0,10894.0,106506.0,1419.0,7044.0,2730.0,15025.0,1864.0,1945.0,522.0,952.0,7546.0,2196.0,91115.0,15968.0,65415.0,9732.0,213342.0,2800.0,3562.0,3106.0,19099.0,44963.0,7201.0,8288.0,2811.0,2115.0,8585.0,4274.0,4849.0,8336.0,66796.0,26557.0,83730.0,73841.0,8108.0,1781.0,6106.0,314.0,846.0,3219.0,1727.0,0.0
2019 Feb ,1499051.0,455405.0,4105.0,213991.0,88706.0,10522.0,52211.0,33685.0,44283.0,7902.0,423941.0,339550.0,38921.0,42977.0,2493.0,132146.0,69885.0,62241.0,20.0,108449.0,9321.0,88926.0,1327.0,6277.0,2598.0,9935.0,446.0,1896.0,662.0,765.0,4409.0,1757.0,77043.0,13833.0,56240.0,6970.0,213198.0,2489.0,4049.0,4220.0,19884.0,41522.0,10085.0,7435.0,3441.0,1737.0,8145.0,4065.0,5707.0,8564.0,62481.0,29374.0,74454.0,66199.0,6831.0,1424.0,4480.0,341.0,842.0,1845.0,1452.0,0.0
2019 Jan ,1624593.0,491810.0,5953.0,261622.0,88293.0,11074.0,49245.0,34822.0,32747.0,8054.0,393850.0,320581.0,30056.0,40086.0,3127.0,139127.0,66402.0,72704.0,21.0,126665.0,9960.0,104562.0,1959.0,6367.0,3817.0,11527.0,420.0,2374.0,1174.0,963.0,4805.0,1791.0,92393.0,14958.0,67151.0,10284.0,224478.0,2632.0,3542.0,3642.0,18052.0,46784.0,10910.0,8212.0,2902.0,1999.0,12763.0,4212.0,7721.0,9232.0,59288.0,32587.0,137660.0,122672.0,12969.0,2019.0,7083.0,349.0,973.0,3566.0,2195.0,0.0
2018 Dec ,1603217.0,644044.0,10490.0,321060.0,142986.0,12753.0,72787.0,37270.0,37772.0,8926.0,302561.0,238194.0,36982.0,24048.0,3337.0,105988.0,63738.0,42223.0,27.0,144231.0,11297.0,117495.0,2373.0,9116.0,3950.0,13458.0,292.0,1682.0,778.0,1304.0,6704.0,2698.0,85208.0,13614.0,64115.0,7479.0,175053.0,2481.0,2660.0,3357.0,12922.0,39214.0,8637.0,6999.0,2570.0,1582.0,7989.0,4053.0,6588.0,8809.0,46047.0,21145.0,119602.0,104928.0,11860.0,2814.0,13072.0,435.0,2835.0,6378.0,3424.0,0.0
2018 Nov ,1406985.0,514632.0,6118.0,226425.0,117793.0,11846.0,66526.0,38796.0,38089.0,9039.0,280164.0,220053.0,32620.0,25608.0,1883.0,124453.0,73787.0,50634.0,32.0,142818.0,9001.0,121319.0,1464.0,8097.0,2937.0,10396.0,342.0,1704.0,375.0,768.0,5652.0,1555.0,75548.0,12031.0,56184.0,7333.0,167566.0,2727.0,2631.0,2585.0,16162.0,29465.0,5973.0,7686.0,2611.0,1862.0,7139.0,5173.0,4308.0,8447.0,48748.0,22049.0,85319.0,74827.0,8603.0,1889.0,6088.0,289.0,1894.0,2154.0,1751.0,1.0
2018 Oct ,1467380.0,533250.0,5017.0,225244.0,103676.0,12874.0,68218.0,65734.0,41185.0,11302.0,314537.0,247664.0,34865.0,30334.0,1674.0,127966.0,74019.0,53926.0,21.0,140584.0,11206.0,114000.0,1643.0,9312.0,4423.0,10437.0,233.0,2073.0,370.0,703.0,5129.0,1929.0,62266.0,8923.0,46260.0,7083.0,162926.0,2670.0,3097.0,2867.0,15717.0,28808.0,5777.0,7839.0,2608.0,1842.0,5274.0,5138.0,4051.0,9085.0,48279.0,19874.0,109285.0,95096.0,12404.0,1785.0,6129.0,393.0,915.0,2712.0,2109.0,0.0
2018 Sep ,1415149.0,497316.0,6133.0,224629.0,106880.0,10211.0,57241.0,40580.0,43407.0,8235.0,309748.0,239824.0,35588.0,32317.0,2019.0,124766.0,77013.0,47734.0,19.0,126605.0,10074.0,102251.0,1808.0,9442.0,3030.0,11098.0,551.0,2379.0,385.0,807.0,5174.0,1802.0,56056.0,7669.0,42379.0,6008.0,159993.0,2586.0,2519.0,2021.0,13550.0,28000.0,7349.0,7998.0,2124.0,1762.0,4456.0,6652.0,2306.0,7084.0,53207.0,18379.0,123418.0,107933.0,13767.0,1718.0,6146.0,372.0,746.0,3084.0,1944.0,3.0
2018 Aug ,1683122.0,509153.0,5168.0,217787.0,103490.0,10759.0,63556.0,40452.0,60051.0,7890.0,487260.0,380108.0,56484.0,46429.0,4239.0,163269.0,100491.0,62729.0,49.0,130017.0,11010.0,100744.0,2519.0,12264.0,3480.0,21407.0,874.0,1931.0,2347.0,1677.0,10476.0,4102.0,60752.0,9887.0,46269.0,4596.0,206031.0,4142.0,2525.0,1156.0,28097.0,29525.0,22950.0,12488.0,2206.0,2069.0,5014.0,11978.0,2708.0,8406.0,51036.0,21731.0,97395.0,83185.0,12669.0,1541.0,7834.0,368.0,956.0,3052.0,3458.0,4.0
2018 Jul ,1732896.0,583679.0,5769.0,263277.0,94611.0,13189.0,64757.0,53379.0,79816.0,8881.0,470287.0,361019.0,52507.0,52987.0,3774.0,125988.0,68146.0,57823.0,19.0,145372.0,10784.0,117798.0,3833.0,10183.0,2774.0,19564.0,923.0,1756.0,1634.0,1708.0,9444.0,4099.0,76827.0,9182.0,60786.0,6859.0,176230.0,4902.0,4796.0,1835.0,21991.0,25215.0,7779.0,11596.0,4842.0,2515.0,4158.0,7079.0,4279.0,10670.0,44778.0,19795.0,126691.0,108107.0,16705.0,1879.0,8256.0,423.0,1240.0,3606.0,2987.0,2.0
2018 Jun ,1544679.0,648291.0,5897.0,332990.0,113049.0,12008.0,68932.0,38113.0,69697.0,7605.0,316668.0,242118.0,38115.0,34122.0,2313.0,98947.0,53413.0,45325.0,209.0,179143.0,11161.0,154945.0,2550.0,7904.0,2583.0,11585.0,822.0,1426.0,751.0,1183.0,4969.0,2434.0,70116.0,6964.0,57674.0,5478.0,108999.0,1845.0,1868.0,1876.0,10706.0,17397.0,4997.0,5647.0,2464.0,1741.0,3960.0,3811.0,2677.0,5025.0,30952.0,14033.0,105642.0,90665.0,13120.0,1857.0,5287.0,240.0,659.0,2772.0,1616.0,1.0
2018 May ,1470891.0,533719.0,5250.0,227536.0,91244.0,12274.0,83657.0,49858.0,53025.0,10875.0,330962.0,264802.0,36379.0,28056.0,1725.0,100225.0,53474.0,46720.0,31.0,218406.0,9341.0,196072.0,1492.0,8880.0,2621.0,8787.0,551.0,1288.0,280.0,452.0,4811.0,1405.0,62094.0,9354.0,45553.0,7187.0,121103.0,1874.0,1996.0,1379.0,15071.0,20136.0,5299.0,6932.0,1483.0,1514.0,5265.0,3770.0,2143.0,6849.0,33852.0,13540.0,90743.0,78210.0,10907.0,1626.0,4851.0,271.0,721.0,2237.0,1622.0,1.0
2018 Apr ,1544248.0,556681.0,5766.0,235260.0,98351.0,16422.0,79128.0,61015.0,48758.0,11981.0,370121.0,291119.0,41414.0,35913.0,1675.0,94826.0,50253.0,44550.0,23.0,152229.0,10084.0,122229.0,1893.0,15128.0,2895.0,12030.0,937.0,1775.0,511.0,625.0,6215.0,1967.0,69578.0,10655.0,50463.0,8460.0,168796.0,2938.0,2734.0,2203.0,18647.0,26640.0,6599.0,7996.0,2449.0,1841.0,7017.0,4483.0,3620.0,9584.0,54566.0,17479.0,112641.0,99046.0,11412.0,2183.0,7346.0,427.0,1337.0,3373.0,2209.0,0.0
2018 Mar ,1584406.0,553248.0,8171.0,260685.0,109897.0,13797.0,62876.0,47744.0,41109.0,8969.0,349144.0,274879.0,41979.0,30448.0,1838.0,132206.0,83064.0,49127.0,15.0,130137.0,11243.0,105560.0,2382.0,8101.0,2851.0,20025.0,4963.0,2115.0,624.0,903.0,8694.0,2726.0,85412.0,14317.0,61354.0,9741.0,210751.0,3029.0,4091.0,3963.0,17579.0,36973.0,7967.0,7772.0,3883.0,2232.0,9516.0,5684.0,6403.0,9691.0,68106.0,23862.0,96834.0,87152.0,8005.0,1677.0,6648.0,466.0,749.0,3210.0,2223.0,1.0
2018 Feb ,1491970.0,451842.0,5105.0,221178.0,85212.0,9594.0,45279.0,34566.0,42823.0,8085.0,452920.0,366616.0,36433.0,47769.0,2102.0,121367.0,68191.0,53161.0,15.0,102173.0,9397.0,81797.0,1302.0,7316.0,2361.0,11038.0,1777.0,2138.0,566.0,523.0,4311.0,1723.0,76079.0,13438.0,54240.0,8401.0,200960.0,2591.0,4597.0,4780.0,18539.0,36701.0,8919.0,7699.0,3517.0,1737.0,8901.0,4399.0,6765.0,9607.0,57901.0,24307.0,70873.0,63229.0,6311.0,1333.0,4715.0,265.0,1006.0,1899.0,1545.0,3.0
2018 Jan ,1563359.0,495111.0,6076.0,265384.0,86833.0,9883.0,45184.0,38143.0,35882.0,7726.0,358429.0,291208.0,29758.0,34907.0,2556.0,139610.0,64087.0,75502.0,21.0,133622.0,11716.0,108067.0,2071.0,8059.0,3709.0,13833.0,1673.0,2118.0,1173.0,1276.0,4689.0,2904.0,81781.0,13482.0,57991.0,10308.0,204876.0,2482.0,3903.0,4558.0,15788.0,38733.0,9760.0,7680.0,3204.0,1980.0,15838.0,4664.0,7574.0,9137.0,51537.0,28038.0,128660.0,114846.0,11914.0,1900.0,7433.0,419.0,1041.0,3934.0,2039.0,4.0
2017 Dec ,1569616.0,641734.0,10761.0,330156.0,135260.0,13462.0,65926.0,38710.0,38618.0,8841.0,305363.0,244241.0,36712.0,21430.0,2980.0,107072.0,63553.0,43484.0,35.0,146232.0,12479.0,114738.0,2521.0,12684.0,3810.0,14639.0,1304.0,1571.0,726.0,817.0,7163.0,3058.0,73679.0,10443.0,54367.0,8869.0,150754.0,2218.0,2530.0,3392.0,11852.0,28863.0,5201.0,6504.0,2235.0,1525.0,7896.0,4041.0,6052.0,8508.0,42007.0,17930.0,118557.0,105085.0,10801.0,2671.0,11583.0,382.0,2174.0,6040.0,2987.0,3.0
2017 Nov ,1397330.0,503852.0,5258.0,231705.0,105404.0,11402.0,64826.0,39331.0,36964.0,8962.0,311846.0,251096.0,33174.0,25919.0,1657.0,127487.0,75348.0,52123.0,16.0,109309.0,9023.0,86432.0,1816.0,9585.0,2453.0,11524.0,1402.0,1566.0,422.0,754.0,5592.0,1788.0,74042.0,10203.0,52454.0,11385.0,159370.0,2454.0,2785.0,3170.0,14210.0,28423.0,6425.0,7387.0,2480.0,1753.0,7084.0,5615.0,4425.0,9023.0,45133.0,19003.0,93191.0,81822.0,9349.0,2020.0,6705.0,388.0,2328.0,2200.0,1789.0,4.0
2017 Oct ,1402299.0,501024.0,4202.0,221036.0,96015.0,11616.0,60194.0,61448.0,39013.0,7500.0,313669.0,245755.0,32964.0,33282.0,1668.0,118060.0,64624.0,53430.0,6.0,144299.0,9555.0,120100.0,1552.0,9313.0,3779.0,11036.0,1423.0,2051.0,343.0,621.0,4922.0,1676.0,54388.0,7388.0,40428.0,6572.0,149618.0,2425.0,2942.0,2940.0,14082.0,27617.0,5280.0,7147.0,2232.0,1807.0,5459.0,5534.0,4054.0,9833.0,41920.0,16346.0,104578.0,90940.0,11834.0,1804.0,5627.0,403.0,765.0,2416.0,2043.0,0.0
2017 Sep ,1320050.0,464113.0,5387.0,216278.0,90837.0,9888.0,52500.0,39692.0,40270.0,9261.0,289803.0,226978.0,31937.0,29364.0,1524.0,117359.0,69742.0,47602.0,15.0,128319.0,11277.0,102262.0,1968.0,9322.0,3490.0,13738.0,2840.0,1528.0,555.0,883.0,5695.0,2237.0,48313.0,5999.0,36834.0,5480.0,138100.0,2500.0,2152.0,2076.0,11584.0,24858.0,6568.0,6902.0,1721.0,1657.0,4483.0,6101.0,2226.0,7272.0,42423.0,15577.0,114853.0,100987.0,12021.0,1845.0,5451.0,339.0,639.0,2638.0,1835.0,1.0
2017 Aug ,1559283.0,477817.0,4610.0,217339.0,91135.0,10934.0,53539.0,40993.0,51866.0,7401.0,458502.0,357287.0,55265.0,42151.0,3799.0,155871.0,94900.0,60957.0,14.0,118131.0,9652.0,91551.0,2159.0,11805.0,2964.0,21152.0,1724.0,1610.0,2124.0,1315.0,10315.0,4064.0,53414.0,7808.0,41163.0,4443.0,179183.0,3249.0,2321.0,1294.0,23815.0,26590.0,19114.0,10254.0,1704.0,1815.0,4933.0,11064.0,2443.0,8432.0,43467.0,18688.0,88232.0,75171.0,11197.0,1864.0,6979.0,373.0,998.0,2226.0,3382.0,2.0
2017 Jul ,1632135.0,560387.0,5625.0,268010.0,87138.0,12619.0,58727.0,48620.0,71153.0,8495.0,455964.0,349654.0,54124.0,48487.0,3699.0,121532.0,63193.0,58326.0,13.0,123743.0,11416.0,97125.0,4160.0,7806.0,3236.0,20463.0,1423.0,1807.0,1604.0,1427.0,9640.0,4562.0,66833.0,7924.0,53111.0,5798.0,154203.0,4055.0,4278.0,1618.0,18255.0,21206.0,6984.0,10462.0,3872.0,2229.0,4374.0,6321.0,4027.0,10967.0,38424.0,17131.0,122061.0,104873.0,15358.0,1830.0,6948.0,368.0,1205.0,2900.0,2475.0,1.0
2017 Jun ,1387601.0,567156.0,5758.0,281171.0,102776.0,12144.0,62002.0,34623.0,62831.0,5851.0,283320.0,218118.0,32684.0,30655.0,1863.0,102427.0,52932.0,49487.0,8.0,156862.0,9972.0,136478.0,1421.0,6806.0,2185.0,12753.0,1607.0,1171.0,576.0,640.0,6688.0,2071.0,64461.0,6217.0,52583.0,5661.0,97934.0,1741.0,1685.0,1885.0,9643.0,16274.0,4048.0,4859.0,2134.0,1545.0,3992.0,3305.0,2421.0,5201.0,27974.0,11227.0,98259.0,84840.0,11805.0,1614.0,4427.0,191.0,539.0,1936.0,1761.0,2.0
2017 May ,1363897.0,502134.0,4645.0,220534.0,90335.0,11705.0,77671.0,47074.0,43434.0,6736.0,298939.0,232361.0,33784.0,31092.0,1702.0,106798.0,54012.0,52762.0,24.0,195198.0,9548.0,172822.0,1383.0,8870.0,2575.0,10189.0,1115.0,1627.0,314.0,594.0,5125.0,1414.0,54290.0,7617.0,40789.0,5884.0,107646.0,1758.0,1671.0,1596.0,12333.0,17427.0,4337.0,5842.0,1387.0,1476.0,5123.0,3244.0,2079.0,6683.0,30066.0,12624.0,83916.0,71970.0,10261.0,1685.0,4787.0,260.0,619.0,2311.0,1597.0,0.0
2017 Apr ,1470750.0,555812.0,4662.0,248048.0,94550.0,19610.0,81952.0,58504.0,39370.0,9116.0,338068.0,252135.0,53971.0,30142.0,1820.0,95081.0,46245.0,48829.0,7.0,134505.0,8949.0,109303.0,1434.0,12363.0,2456.0,12708.0,922.0,1698.0,436.0,928.0,6122.0,2602.0,55814.0,7684.0,40662.0,7468.0,163089.0,2955.0,2977.0,2492.0,15681.0,30420.0,5450.0,6641.0,3041.0,1731.0,6616.0,4391.0,3662.0,11697.0,48170.0,17165.0,108478.0,93927.0,12447.0,2104.0,7195.0,342.0,1221.0,3789.0,1843.0,0.0
2017 Mar ,1480161.0,534535.0,7835.0,256636.0,105372.0,12656.0,61816.0,47025.0,37887.0,5308.0,328080.0,264711.0,33561.0,27976.0,1832.0,126243.0,82293.0,43942.0,8.0,107296.0,10218.0,85299.0,2050.0,7058.0,2671.0,22042.0,8000.0,1633.0,703.0,1111.0,8333.0,2262.0,72468.0,11493.0,52107.0,8868.0,188890.0,2678.0,3182.0,3101.0,14751.0,43618.0,5470.0,6755.0,2675.0,1738.0,8963.0,3866.0,4664.0,8197.0,58635.0,20597.0,95041.0,85040.0,8459.0,1542.0,5566.0,390.0,864.0,2759.0,1553.0,0.0
2017 Feb ,1361010.0,437738.0,4379.0,208853.0,85058.0,9783.0,51160.0,38502.0,34586.0,5417.0,342756.0,268993.0,33169.0,38866.0,1728.0,132843.0,72654.0,60174.0,15.0,95038.0,8788.0,75905.0,1522.0,6246.0,2577.0,11749.0,1704.0,1799.0,508.0,835.0,4834.0,2069.0,68575.0,11213.0,49370.0,7992.0,188107.0,2431.0,4099.0,3834.0,16851.0,40022.0,5320.0,6971.0,2990.0,1625.0,8949.0,3625.0,5726.0,9867.0,54456.0,21341.0,79801.0,71416.0,6928.0,1457.0,4403.0,312.0,908.0,1687.0,1496.0,0.0
2017 Jan ,1480479.0,478812.0,5297.0,254634.0,84504.0,9902.0,46187.0,36813.0,35367.0,6108.0,389744.0,316805.0,34436.0,36187.0,2316.0,113643.0,53377.0,60247.0,19.0,100555.0,9712.0,80062.0,1520.0,5931.0,3330.0,12581.0,1421.0,1630.0,1154.0,1065.0,4578.0,2733.0,72376.0,11225.0,51562.0,9589.0,177009.0,2336.0,3364.0,3929.0,12356.0,37068.0,6231.0,7187.0,2522.0,1706.0,12262.0,3529.0,6232.0,9079.0,46364.0,22844.0,128719.0,115930.0,10778.0,2011.0,7040.0,281.0,1142.0,3724.0,1893.0,0.0
2016 Dec ,1506134.0,637752.0,10229.0,329994.0,128897.0,13691.0,68624.0,43619.0,35494.0,7204.0,286667.0,226020.0,36763.0,21454.0,2430.0,101187.0,62570.0,38601.0,16.0,123606.0,10960.0,94323.0,1947.0,12307.0,4069.0,14895.0,1391.0,1441.0,779.0,809.0,7575.0,2900.0,67650.0,10047.0,50542.0,7061.0,150103.0,2166.0,2173.0,2750.0,11749.0,35176.0,5656.0,6200.0,2170.0,1432.0,7739.0,3592.0,4830.0,8513.0,39465.0,16492.0,113380.0,100849.0,9994.0,2537.0,10784.0,338.0,2394.0,5305.0,2747.0,110.0
2016 Nov ,1235433.0,465948.0,5256.0,219845.0,101549.0,7648.0,55814.0,35520.0,33482.0,6834.0,247733.0,193984.0,30832.0,21568.0,1349.0,100810.0,64466.0,36314.0,30.0,114255.0,9830.0,90734.0,1473.0,9161.0,3057.0,11281.0,1632.0,1729.0,365.0,1123.0,4803.0,1629.0,60401.0,9104.0,44971.0,6326.0,144990.0,2491.0,2273.0,2390.0,12615.0,28441.0,5425.0,6777.0,2440.0,1453.0,7286.0,4088.0,4142.0,8766.0,39718.0,16685.0,83536.0,73308.0,8529.0,1699.0,6478.0,350.0,2478.0,2092.0,1558.0,1.0
2016 Oct ,1237675.0,471598.0,4022.0,213070.0,92736.0,8218.0,57924.0,58094.0,32192.0,5342.0,232317.0,173185.0,31512.0,26270.0,1350.0,97212.0,62858.0,34346.0,8.0,119033.0,10078.0,94649.0,1901.0,7825.0,4580.0,11017.0,1718.0,2232.0,372.0,598.0,4527.0,1570.0,53083.0,7170.0,40277.0,5636.0,149426.0,2565.0,2795.0,2725.0,14543.0,27153.0,5336.0,6602.0,2286.0,1693.0,6006.0,4166.0,3422.0,10464.0,43841.0,15829.0,97974.0,85395.0,10961.0,1618.0,6015.0,370.0,1013.0,2809.0,1823.0,0.0
2016 Sep ,1144063.0,413178.0,5551.0,186610.0,93519.0,7102.0,45804.0,36911.0,32777.0,4904.0,232061.0,170204.0,30252.0,30267.0,1338.0,106835.0,68997.0,37742.0,96.0,97415.0,10081.0,75074.0,1893.0,7745.0,2622.0,17859.0,2534.0,1639.0,1399.0,1750.0,7531.0,3006.0,42901.0,5257.0,33262.0,4382.0,123106.0,2282.0,1891.0,1688.0,11176.0,22567.0,5731.0,6078.0,1651.0,1425.0,4503.0,4377.0,2076.0,7003.0,36529.0,14129.0,105400.0,92210.0,11514.0,1676.0,5308.0,448.0,688.0,2430.0,1742.0,0.0
2016 Aug ,1481876.0,447752.0,4665.0,210626.0,81655.0,8012.0,50362.0,39434.0,46773.0,6225.0,433176.0,315548.0,70842.0,42274.0,4512.0,155678.0,93619.0,62018.0,41.0,107278.0,9694.0,80977.0,2494.0,11142.0,2971.0,22592.0,1901.0,1556.0,2224.0,2074.0,9881.0,4956.0,48661.0,6896.0,38116.0,3649.0,167971.0,3147.0,1940.0,1114.0,23795.0,25895.0,16139.0,9452.0,1668.0,1443.0,5002.0,8652.0,1908.0,8475.0,43301.0,16040.0,92290.0,78888.0,11873.0,1529.0,6478.0,462.0,882.0,2282.0,2852.0,0.0
2016 Jul ,1622405.0,607290.0,6409.0,319759.0,100397.0,9937.0,55005.0,49788.0,59800.0,6195.0,430751.0,311124.0,69847.0,46691.0,3089.0,119480.0,64715.0,54700.0,65.0,115028.0,12303.0,87919.0,3823.0,7919.0,3064.0,24247.0,1529.0,1446.0,1946.0,2278.0,11168.0,5880.0,59258.0,7547.0,47089.0,4622.0,140279.0,3310.0,3506.0,1586.0,16844.0,19327.0,6093.0,9454.0,3166.0,2006.0,4349.0,4973.0,2991.0,10602.0,37272.0,14800.0,119907.0,103689.0,14548.0,1670.0,6165.0,340.0,823.0,2806.0,2196.0,0.0
2016 Jun ,1270531.0,493485.0,5061.0,235444.0,91901.0,9731.0,56702.0,36982.0,52449.0,5215.0,302687.0,221614.0,42330.0,36718.0,2025.0,98803.0,54993.0,43766.0,44.0,130189.0,8949.0,112026.0,1196.0,5764.0,2254.0,8629.0,972.0,1007.0,259.0,501.0,4478.0,1412.0,56233.0,5360.0,46155.0,4718.0,86155.0,1586.0,1515.0,1434.0,8954.0,13776.0,4272.0,4510.0,1887.0,1579.0,3486.0,2541.0,1963.0,4779.0,24413.0,9460.0,90417.0,77805.0,10862.0,1750.0,3932.0,197.0,579.0,1832.0,1324.0,1.0
2016 May ,1357543.0,541795.0,5768.0,258606.0,92668.0,9470.0,76646.0,52331.0,40046.0,6260.0,304453.0,234089.0,39959.0,28809.0,1596.0,99965.0,55006.0,44932.0,27.0,164572.0,10700.0,141986.0,1824.0,7434.0,2628.0,11708.0,1198.0,1371.0,549.0,1049.0,5670.0,1871.0,50578.0,7211.0,38422.0,4945.0,103933.0,1848.0,1618.0,1490.0,11789.0,17868.0,4300.0,6273.0,1849.0,1349.0,4411.0,2973.0,2063.0,6626.0,27667.0,11809.0,75598.0,64175.0,9715.0,1708.0,4941.0,424.0,621.0,2202.0,1694.0,0.0
2016 Apr ,1393972.0,516058.0,5466.0,215353.0,97070.0,14495.0,74245.0,62514.0,38398.0,8517.0,346908.0,269560.0,42712.0,33107.0,1529.0,91011.0,49613.0,41356.0,42.0,121482.0,10303.0,94578.0,1439.0,12708.0,2454.0,12264.0,819.0,1270.0,404.0,789.0,6712.0,2270.0,52570.0,7598.0,39355.0,5617.0,141925.0,2411.0,2273.0,1889.0,16628.0,21371.0,5783.0,6362.0,2267.0,1406.0,4961.0,3156.0,3165.0,9192.0,45552.0,15509.0,105445.0,93320.0,10042.0,2083.0,6308.0,410.0,1196.0,3055.0,1647.0,1.0
2016 Mar ,1406607.0,499023.0,7100.0,238160.0,98135.0,10517.0,58963.0,48381.0,33122.0,4645.0,328713.0,241230.0,58341.0,27401.0,1741.0,120159.0,79146.0,40959.0,54.0,99974.0,10845.0,78859.0,1409.0,6699.0,2162.0,20822.0,6275.0,1582.0,674.0,1332.0,8349.0,2610.0,63521.0,10517.0,46658.0,6346.0,181967.0,2760.0,3441.0,3186.0,14259.0,40603.0,4825.0,6646.0,4125.0,1823.0,6744.0,4382.0,5278.0,8782.0,54800.0,20313.0,86381.0,78701.0,6616.0,1064.0,6045.0,283.0,892.0,2966.0,1904.0,2.0
2016 Feb ,1335097.0,440596.0,4768.0,216284.0,85850.0,7090.0,47217.0,38650.0,35731.0,5006.0,373011.0,277926.0,49837.0,42569.0,2679.0,123252.0,65604.0,57595.0,53.0,82979.0,8445.0,64702.0,1250.0,6577.0,2005.0,11158.0,1516.0,1655.0,470.0,797.0,4470.0,2250.0,58800.0,10558.0,42751.0,5491.0,173348.0,2503.0,3988.0,3959.0,16417.0,37455.0,4883.0,6753.0,2749.0,1418.0,6412.0,3159.0,5075.0,9181.0,48378.0,21018.0,68362.0,61900.0,5463.0,999.0,3591.0,416.0,425.0,1696.0,1054.0,0.0
2016 Jan ,1412123.0,473005.0,5596.0,249876.0,87208.0,7703.0,44334.0,44330.0,29145.0,4813.0,302777.0,229150.0,34742.0,37087.0,1798.0,136486.0,62275.0,74180.0,31.0,103184.0,11151.0,81363.0,1563.0,6624.0,2483.0,14073.0,1156.0,1707.0,1682.0,1420.0,5048.0,3060.0,66988.0,11209.0,48852.0,6927.0,179868.0,2289.0,3833.0,4431.0,12144.0,39133.0,6186.0,7135.0,2992.0,1916.0,9504.0,3432.0,6852.0,9072.0,48413.0,22536.0,129377.0,117073.0,10983.0,1321.0,6364.0,387.0,841.0,3359.0,1777.0,1.0
2015 Dec ,1424978.0,612913.0,12379.0,311475.0,130551.0,9680.0,68114.0,45441.0,30159.0,5114.0,240080.0,168831.0,45853.0,22303.0,3093.0,111637.0,66719.0,44821.0,97.0,114739.0,11554.0,87950.0,1764.0,9960.0,3511.0,15497.0,1397.0,1196.0,878.0,903.0,8192.0,2931.0,60391.0,9952.0,45546.0,4893.0,147577.0,2329.0,2324.0,3231.0,11443.0,35172.0,4800.0,6154.0,2514.0,1467.0,5807.0,3064.0,5423.0,8400.0,39757.0,15692.0,113008.0,101624.0,9726.0,1658.0,9136.0,298.0,1549.0,4866.0,2423.0,0.0
2015 Nov ,1203992.0,455128.0,6191.0,200687.0,106214.0,7625.0,60583.0,38576.0,29284.0,5968.0,221707.0,158736.0,37241.0,24062.0,1668.0,112895.0,67840.0,44988.0,67.0,109202.0,9272.0,88350.0,1446.0,7432.0,2702.0,11096.0,1048.0,1421.0,327.0,797.0,5450.0,2053.0,55155.0,8581.0,41457.0,5117.0,146342.0,2271.0,2656.0,2761.0,12269.0,27994.0,5317.0,6627.0,2615.0,1480.0,5518.0,4464.0,4078.0,9481.0,42034.0,16777.0,87045.0,76369.0,9070.0,1606.0,5417.0,325.0,1087.0,2347.0,1658.0,5.0
2015 Oct ,1246947.0,465052.0,4825.0,204574.0,88338.0,8762.0,58357.0,63693.0,30686.0,5817.0,236418.0,165649.0,41272.0,27525.0,1972.0,117039.0,66416.0,50582.0,41.0,110301.0,10394.0,86649.0,1857.0,8083.0,3318.0,10882.0,943.0,1456.0,550.0,893.0,4984.0,2056.0,52973.0,7858.0,39683.0,5432.0,139262.0,2336.0,2590.0,2569.0,13334.0,24718.0,5042.0,6557.0,2675.0,1386.0,4900.0,4046.0,3753.0,9188.0,40871.0,15297.0,109160.0,96340.0,11462.0,1358.0,5857.0,532.0,474.0,2981.0,1870.0,3.0
2015 Sep ,1131976.0,414155.0,5761.0,187629.0,93334.0,7461.0,48209.0,39567.0,28282.0,3912.0,219786.0,149929.0,40315.0,27836.0,1706.0,113105.0,73972.0,39063.0,70.0,91560.0,10159.0,69846.0,1383.0,7477.0,2695.0,15313.0,1473.0,1356.0,1024.0,1845.0,6781.0,2834.0,42354.0,5196.0,32749.0,4409.0,119898.0,2155.0,1974.0,1451.0,9816.0,22303.0,5291.0,5761.0,2068.0,1335.0,3725.0,4330.0,2102.0,6938.0,37374.0,13275.0,110596.0,97071.0,12412.0,1113.0,5206.0,444.0,411.0,2642.0,1709.0,3.0
2015 Aug ,1445062.0,444137.0,4585.0,205671.0,88834.0,8000.0,52997.0,39579.0,39519.0,4952.0,408047.0,267122.0,89436.0,45292.0,6197.0,153400.0,92793.0,60468.0,139.0,101316.0,10353.0,77137.0,2250.0,8965.0,2611.0,22048.0,889.0,1323.0,2395.0,1932.0,10164.0,5345.0,49942.0,6734.0,39090.0,4118.0,163413.0,2905.0,2161.0,1222.0,22241.0,26784.0,15817.0,8040.0,1978.0,1631.0,4618.0,8377.0,1946.0,8253.0,41077.0,16363.0,96656.0,83063.0,12497.0,1096.0,6102.0,574.0,694.0,2183.0,2651.0,1.0
2015 Jul ,1519233.0,579570.0,7237.0,305600.0,102347.0,8757.0,49724.0,45729.0,54711.0,5465.0,383975.0,246819.0,82817.0,50278.0,4061.0,116129.0,67682.0,48375.0,72.0,106930.0,11793.0,83806.0,2281.0,6782.0,2268.0,20337.0,665.0,1266.0,1631.0,2177.0,10044.0,4554.0,56521.0,6984.0,45139.0,4398.0,136833.0,3225.0,3786.0,1308.0,16926.0,18815.0,5402.0,9364.0,3874.0,1576.0,4071.0,4875.0,2911.0,10657.0,36643.0,13400.0,113554.0,97583.0,14756.0,1215.0,5383.0,296.0,601.0,2752.0,1734.0,1.0
2015 Jun ,1184747.0,496392.0,4992.0,238403.0,100074.0,9326.0,53329.0,40121.0,45490.0,4657.0,222897.0,144533.0,45453.0,30565.0,2346.0,90541.0,53257.0,37193.0,91.0,121413.0,9737.0,101773.0,1947.0,5832.0,2124.0,9962.0,646.0,1087.0,538.0,735.0,5101.0,1855.0,55325.0,5914.0,44929.0,4482.0,88472.0,1599.0,1635.0,1551.0,8969.0,13660.0,3915.0,4553.0,2260.0,1369.0,3644.0,2717.0,2091.0,5203.0,25543.0,9763.0,95694.0,82755.0,11593.0,1346.0,4051.0,226.0,600.0,2048.0,1177.0,0.0
2015 May ,1222836.0,512074.0,5378.0,238688.0,100340.0,9162.0,72159.0,45674.0,35974.0,4699.0,214376.0,141375.0,45742.0,25498.0,1761.0,96909.0,52971.0,43883.0,55.0,151623.0,10447.0,130511.0,1291.0,7652.0,1722.0,10058.0,488.0,1188.0,463.0,711.0,5278.0,1930.0,48014.0,6637.0,37117.0,4260.0,99889.0,1765.0,1642.0,1373.0,11686.0,16266.0,3923.0,5797.0,1497.0,1224.0,4523.0,2953.0,1985.0,6699.0,28125.0,10431.0,85227.0,73965.0,10077.0,1185.0,4663.0,355.0,513.0,2351.0,1444.0,3.0
2015 Apr ,1208624.0,478213.0,4977.0,207138.0,90515.0,12969.0,72259.0,47838.0,36472.0,6045.0,243881.0,153784.0,58959.0,29229.0,1909.0,88349.0,46687.0,41602.0,60.0,108179.0,9809.0,84041.0,1125.0,11103.0,2101.0,12262.0,548.0,1264.0,476.0,873.0,6628.0,2473.0,49143.0,7086.0,36186.0,5871.0,128157.0,2369.0,2301.0,2198.0,13135.0,20086.0,4870.0,5989.0,2652.0,1434.0,4371.0,3094.0,3138.0,9308.0,39822.0,13390.0,94029.0,83497.0,9492.0,1040.0,6410.0,348.0,858.0,2885.0,2319.0,1.0
2015 Mar ,1201648.0,461999.0,6989.0,211347.0,101929.0,9681.0,53649.0,43504.0,30907.0,3993.0,198908.0,130827.0,41803.0,24694.0,1584.0,122861.0,79941.0,42872.0,48.0,91552.0,10186.0,70302.0,1234.0,7640.0,2190.0,16316.0,2937.0,1414.0,546.0,1777.0,7588.0,2054.0,64764.0,10515.0,48341.0,5908.0,160349.0,2594.0,3246.0,3110.0,12789.0,31468.0,5311.0,7127.0,3535.0,1617.0,5154.0,3715.0,4284.0,8777.0,50741.0,16881.0,79761.0,70708.0,7854.0,1199.0,5138.0,419.0,567.0,2541.0,1611.0,0.0
2015 Feb ,1188818.0,380389.0,4759.0,184183.0,82408.0,6204.0,41155.0,29889.0,28150.0,3641.0,327971.0,238011.0,46985.0,40059.0,2916.0,113888.0,62422.0,51415.0,51.0,76576.0,7960.0,60016.0,870.0,5987.0,1743.0,9073.0,632.0,1347.0,519.0,948.0,3871.0,1756.0,57924.0,9915.0,42427.0,5582.0,147155.0,1968.0,3634.0,3390.0,13590.0,24937.0,4192.0,6678.0,3123.0,1277.0,4861.0,2893.0,4556.0,8475.0,47051.0,16530.0,72276.0,65009.0,6349.0,918.0,3562.0,268.0,557.0,1619.0,1118.0,4.0
2015 Jan ,1252608.0,448133.0,5521.0,236295.0,86193.0,7825.0,42839.0,36798.0,28632.0,4030.0,207586.0,140548.0,34012.0,30685.0,2341.0,130360.0,58479.0,71820.0,61.0,94529.0,10923.0,73605.0,1500.0,6139.0,2362.0,13037.0,601.0,1425.0,1420.0,2500.0,4612.0,2479.0,64780.0,10875.0,46845.0,7060.0,158529.0,2063.0,3440.0,3740.0,11285.0,24529.0,5470.0,6405.0,2859.0,1551.0,12650.0,3546.0,6295.0,9470.0,44923.0,20303.0,129274.0,115584.0,12330.0,1360.0,6377.0,453.0,828.0,3255.0,1841.0,3.0
2014 Dec ,1360541.0,619198.0,11998.0,315395.0,143276.0,9859.0,64526.0,39035.0,31185.0,3924.0,192653.0,124615.0,45669.0,18577.0,3792.0,112880.0,71920.0,40918.0,42.0,107009.0,11631.0,82520.0,1505.0,8608.0,2745.0,14667.0,934.0,1120.0,781.0,1292.0,7868.0,2672.0,57955.0,9234.0,43188.0,5533.0,137315.0,2321.0,2485.0,3210.0,10708.0,24156.0,5124.0,6222.0,2758.0,1198.0,8004.0,3348.0,5363.0,8630.0,38438.0,15350.0,109269.0,97855.0,10015.0,1399.0,9594.0,457.0,1420.0,4842.0,2875.0,1.0
2014 Nov ,1144230.0,463159.0,5806.0,219369.0,106313.0,7973.0,53508.0,35138.0,29938.0,5114.0,194072.0,131731.0,39019.0,21240.0,2082.0,109720.0,69415.0,40230.0,75.0,92377.0,10027.0,71555.0,1242.0,7603.0,1950.0,10844.0,758.0,1602.0,404.0,1660.0,4754.0,1666.0,52340.0,7662.0,39705.0,4973.0,134238.0,2546.0,2372.0,3054.0,11762.0,21514.0,5559.0,6447.0,2689.0,1363.0,7246.0,3757.0,3498.0,8983.0,37919.0,15529.0,81969.0,73262.0,7435.0,1272.0,5507.0,397.0,1024.0,2310.0,1776.0,4.0
2014 Oct ,1203527.0,485039.0,5440.0,226630.0,97184.0,8958.0,58572.0,53916.0,30552.0,3787.0,200246.0,133993.0,40146.0,24197.0,1910.0,113472.0,68609.0,44810.0,53.0,110357.0,10722.0,88855.0,1161.0,6987.0,2632.0,14898.0,756.0,1441.0,896.0,2349.0,6704.0,2752.0,47969.0,6696.0,36306.0,4967.0,129264.0,2029.0,2754.0,2522.0,12351.0,21905.0,4389.0,6051.0,2328.0,1353.0,6507.0,3488.0,3331.0,9515.0,36986.0,13755.0,97886.0,87565.0,9146.0,1175.0,4191.0,406.0,475.0,1853.0,1457.0,205.0
2014 Sep ,1098626.0,436327.0,5601.0,206593.0,99339.0,8294.0,47246.0,35122.0,28960.0,5172.0,173014.0,105780.0,39931.0,25373.0,1930.0,113725.0,74408.0,39276.0,41.0,85979.0,9486.0,65751.0,1115.0,7536.0,2091.0,11961.0,1254.0,1134.0,532.0,2311.0,5012.0,1718.0,42437.0,5022.0,33053.0,4362.0,120902.0,2233.0,2199.0,1759.0,10323.0,22156.0,5164.0,6027.0,2132.0,1281.0,5384.0,4153.0,2034.0,7645.0,35981.0,12431.0,109434.0,97642.0,10593.0,1199.0,4846.0,399.0,475.0,2354.0,1618.0,1.0
2014 Aug ,1362935.0,480265.0,5079.0,234710.0,93222.0,8903.0,51074.0,40849.0,41775.0,4653.0,305291.0,174150.0,87173.0,38422.0,5546.0,151961.0,95248.0,56623.0,90.0,95406.0,11690.0,69960.0,1951.0,9649.0,2156.0,27567.0,892.0,1166.0,2784.0,5290.0,11862.0,5573.0,47977.0,6641.0,38067.0,3269.0,153482.0,2946.0,2052.0,1108.0,20541.0,24544.0,13280.0,8541.0,2040.0,1429.0,6129.0,7295.0,1841.0,8837.0,38360.0,14539.0,94518.0,82448.0,10939.0,1131.0,6468.0,448.0,655.0,2037.0,3328.0,0.0
2014 Jul ,1408400.0,568294.0,6305.0,296880.0,101461.0,9345.0,49506.0,43785.0,55951.0,5061.0,309197.0,180653.0,80808.0,44229.0,3507.0,116155.0,69419.0,46666.0,70.0,91829.0,10108.0,72724.0,1374.0,5711.0,1912.0,16438.0,844.0,1065.0,1208.0,1760.0,8544.0,3017.0,54556.0,7052.0,43508.0,3996.0,124542.0,2987.0,3293.0,1266.0,14405.0,17014.0,5153.0,8089.0,3328.0,1734.0,5280.0,4047.0,2716.0,10503.0,32056.0,12671.0,121954.0,106641.0,14075.0,1238.0,5435.0,214.0,708.0,2448.0,2065.0,0.0
2014 Jun ,1181422.0,552708.0,7393.0,278181.0,108945.0,9530.0,56224.0,39083.0,48999.0,4353.0,167167.0,91485.0,47182.0,25807.0,2693.0,93685.0,56044.0,37589.0,52.0,117244.0,11100.0,94738.0,2799.0,6369.0,2238.0,12928.0,685.0,1193.0,769.0,2205.0,5676.0,2400.0,50633.0,5516.0,41609.0,3508.0,88947.0,1654.0,1653.0,1532.0,9288.0,13270.0,3674.0,4962.0,2093.0,1357.0,4874.0,2515.0,2160.0,5454.0,25135.0,9326.0,93721.0,81558.0,10922.0,1241.0,4382.0,307.0,525.0,1800.0,1750.0,7.0
2014 May ,1208532.0,549855.0,6254.0,267714.0,100648.0,9538.0,76976.0,46683.0,36630.0,5412.0,172254.0,95987.0,47859.0,26699.0,1709.0,96160.0,54173.0,41946.0,41.0,138919.0,9853.0,118953.0,1357.0,6994.0,1762.0,9852.0,443.0,1075.0,390.0,1556.0,4609.0,1779.0,46359.0,6803.0,35355.0,4201.0,100622.0,1792.0,1624.0,1495.0,11980.0,15425.0,3712.0,5888.0,1854.0,1113.0,5746.0,2657.0,2417.0,6710.0,27667.0,10542.0,90197.0,78280.0,10812.0,1105.0,4305.0,322.0,390.0,1912.0,1681.0,9.0
2014 Apr ,1245307.0,511901.0,4741.0,230236.0,94982.0,15255.0,73558.0,56136.0,30234.0,6759.0,224305.0,126507.0,69675.0,25865.0,2258.0,87061.0,50751.0,36247.0,63.0,103761.0,9817.0,79536.0,1225.0,11131.0,2052.0,12344.0,577.0,1273.0,448.0,1379.0,6512.0,2155.0,48811.0,6861.0,36594.0,5356.0,140349.0,2664.0,2649.0,2305.0,13643.0,22125.0,4684.0,6517.0,3938.0,1278.0,6996.0,3394.0,3676.0,10025.0,43708.0,12747.0,110478.0,99811.0,9520.0,1147.0,6291.0,333.0,748.0,3364.0,1846.0,6.0
2014 Mar ,1297551.0,508913.0,7545.0,246308.0,107002.0,9789.0,57050.0,46338.0,31060.0,3821.0,232681.0,165642.0,43218.0,22115.0,1706.0,127048.0,85946.0,40995.0,107.0,90346.0,10721.0,70488.0,1570.0,5772.0,1795.0,15614.0,3433.0,1320.0,587.0,2037.0,6286.0,1951.0,66875.0,10905.0,49729.0,6241.0,168535.0,2821.0,3234.0,3449.0,15735.0,30806.0,5940.0,7969.0,3397.0,1464.0,9563.0,3444.0,4821.0,8829.0,49474.0,17589.0,82577.0,74578.0,6872.0,1127.0,4948.0,328.0,478.0,2280.0,1862.0,14.0
2014 Feb ,1238239.0,440212.0,5076.0,219036.0,91181.0,7513.0,44539.0,35161.0,33053.0,4653.0,287243.0,203600.0,48440.0,32874.0,2329.0,121222.0,69230.0,51930.0,62.0,81187.0,9343.0,62999.0,1117.0,6006.0,1722.0,11577.0,896.0,1556.0,1471.0,1322.0,4072.0,2260.0,58987.0,10118.0,44052.0,4817.0,156630.0,2482.0,3860.0,4580.0,14180.0,25422.0,4944.0,7458.0,3516.0,1325.0,9154.0,3022.0,5289.0,8994.0,43998.0,18406.0,76921.0,69119.0,6893.0,909.0,4238.0,351.0,481.0,1729.0,1677.0,22.0
2014 Jan ,1345842.0,497205.0,6418.0,284126.0,89482.0,7807.0,43702.0,35263.0,26071.0,4336.0,264443.0,188237.0,41909.0,32033.0,2264.0,119359.0,59578.0,59745.0,36.0,85714.0,10428.0,65557.0,1259.0,6440.0,2030.0,11464.0,898.0,1325.0,766.0,2617.0,3843.0,2015.0,60370.0,10317.0,43746.0,6307.0,162551.0,2220.0,3717.0,4427.0,11966.0,25176.0,5429.0,7640.0,3435.0,1514.0,15770.0,3095.0,6910.0,9319.0,42345.0,19588.0,138986.0,126119.0,11466.0,1401.0,5729.0,399.0,646.0,2829.0,1855.0,21.0
2013 Dec ,1367404.0,626753.0,13399.0,321257.0,142131.0,9892.0,64044.0,42796.0,28896.0,4338.0,188271.0,121232.0,44788.0,19212.0,3039.0,106966.0,70932.0,35986.0,48.0,109328.0,10783.0,83161.0,1628.0,11380.0,2376.0,14064.0,1090.0,1167.0,902.0,1219.0,7039.0,2647.0,55788.0,9537.0,41785.0,4466.0,138066.0,2325.0,2396.0,3638.0,11697.0,22142.0,4874.0,6000.0,2786.0,1347.0,9435.0,3050.0,6052.0,8900.0,38994.0,14430.0,118586.0,106584.0,10383.0,1619.0,9575.0,323.0,1332.0,5395.0,2525.0,7.0
2013 Nov ,1184002.0,505058.0,7346.0,238233.0,129955.0,7531.0,55195.0,34685.0,27353.0,4760.0,182352.0,119618.0,38801.0,22197.0,1736.0,113069.0,72603.0,40388.0,78.0,93631.0,9899.0,74389.0,1309.0,6408.0,1626.0,9690.0,732.0,1175.0,371.0,1007.0,4674.0,1731.0,51911.0,8000.0,39620.0,4291.0,135130.0,2390.0,2345.0,3280.0,11359.0,21213.0,5140.0,6568.0,3121.0,1232.0,8376.0,3338.0,3593.0,8549.0,39370.0,15256.0,88211.0,78324.0,8430.0,1457.0,4932.0,293.0,1150.0,1873.0,1616.0,18.0
2013 Oct ,1203746.0,512989.0,5879.0,246115.0,98097.0,8934.0,61360.0,58887.0,29011.0,4706.0,180418.0,117955.0,37570.0,23246.0,1647.0,108282.0,68034.0,40157.0,91.0,93071.0,9843.0,72429.0,1675.0,6932.0,2192.0,15847.0,883.0,1254.0,1108.0,2588.0,7356.0,2658.0,50079.0,7158.0,37555.0,5366.0,130033.0,2219.0,2877.0,2249.0,12384.0,21759.0,4550.0,6732.0,2765.0,1598.0,6748.0,3257.0,3491.0,9054.0,36491.0,13859.0,108090.0,96454.0,10359.0,1277.0,4917.0,418.0,559.0,2113.0,1827.0,20.0
2013 Sep ,1176142.0,445923.0,4824.0,218751.0,98973.0,7190.0,47879.0,36254.0,28276.0,3776.0,241300.0,179130.0,33514.0,27180.0,1476.0,109529.0,73786.0,35599.0,144.0,84032.0,9589.0,64556.0,1419.0,7144.0,1324.0,11861.0,1431.0,1330.0,850.0,1089.0,5089.0,2072.0,43109.0,4937.0,33741.0,4431.0,117020.0,2051.0,1964.0,1558.0,10508.0,21012.0,5029.0,6272.0,2250.0,1298.0,4726.0,3636.0,1952.0,7402.0,36541.0,10821.0,117498.0,105179.0,11081.0,1238.0,5852.0,316.0,428.0,2934.0,2174.0,18.0
2013 Aug ,1483520.0,585102.0,6109.0,328174.0,116392.0,7020.0,51817.0,36548.0,34980.0,4062.0,348046.0,242256.0,61337.0,40571.0,3882.0,138341.0,92179.0,45986.0,176.0,90823.0,10463.0,66274.0,1956.0,10237.0,1893.0,24739.0,961.0,1270.0,2943.0,3606.0,10701.0,5258.0,49860.0,7008.0,39079.0,3773.0,150069.0,2838.0,1995.0,1092.0,21876.0,22265.0,13117.0,8568.0,2273.0,1562.0,5184.0,6584.0,2049.0,7638.0,39533.0,13495.0,91154.0,79221.0,10765.0,1168.0,5357.0,371.0,624.0,1730.0,2632.0,29.0
2013 Jul ,1419657.0,512094.0,5922.0,260700.0,93299.0,8427.0,49225.0,41912.0,47834.0,4775.0,366741.0,248635.0,67662.0,47290.0,3154.0,112139.0,70113.0,41913.0,113.0,94977.0,11364.0,73550.0,1512.0,7038.0,1513.0,12094.0,606.0,1313.0,475.0,935.0,6403.0,2362.0,56981.0,7401.0,45176.0,4404.0,130507.0,3049.0,3672.0,1295.0,15466.0,18262.0,5303.0,9591.0,3501.0,1654.0,4784.0,4024.0,2710.0,10154.0,35349.0,11693.0,128840.0,112743.0,14813.0,1284.0,5242.0,224.0,693.0,2528.0,1797.0,42.0
2013 Jun ,1288950.0,557007.0,7837.0,295907.0,107286.0,7718.0,55868.0,36018.0,42194.0,4179.0,243393.0,166890.0,43857.0,29680.0,2966.0,94290.0,57757.0,36409.0,124.0,121033.0,10360.0,99754.0,2770.0,6206.0,1943.0,13492.0,699.0,1215.0,857.0,2839.0,5375.0,2507.0,56119.0,5748.0,45860.0,4511.0,94881.0,1735.0,1868.0,1620.0,9349.0,13453.0,4185.0,5661.0,2463.0,1388.0,4264.0,2278.0,2240.0,5735.0,28866.0,9776.0,103351.0,91231.0,10626.0,1494.0,5298.0,410.0,582.0,2645.0,1661.0,86.0
2013 May ,1288282.0,534890.0,5574.0,251092.0,109517.0,8432.0,76929.0,48171.0,30496.0,4679.0,263093.0,198429.0,40898.0,22261.0,1505.0,89444.0,55491.0,33857.0,96.0,141973.0,9611.0,122030.0,1646.0,7066.0,1620.0,8816.0,421.0,1044.0,320.0,954.0,4477.0,1600.0,47760.0,6699.0,36909.0,4152.0,101794.0,1850.0,1691.0,1527.0,12432.0,15763.0,4407.0,5916.0,1904.0,1264.0,5566.0,2317.0,2199.0,6663.0,27724.0,10571.0,95910.0,84444.0,10225.0,1241.0,4506.0,249.0,500.0,2301.0,1456.0,96.0
2013 Apr ,1274246.0,497388.0,4486.0,218602.0,95414.0,13031.0,73215.0,54728.0,31863.0,6049.0,293857.0,227870.0,40252.0,24261.0,1474.0,84637.0,53292.0,31296.0,49.0,101705.0,9832.0,76103.0,1572.0,12588.0,1610.0,11626.0,504.0,1023.0,479.0,1089.0,6582.0,1949.0,52338.0,7769.0,38908.0,5661.0,123042.0,2025.0,2149.0,2213.0,13403.0,18494.0,4011.0,5891.0,3073.0,1255.0,6499.0,2508.0,3243.0,7455.0,38620.0,12203.0,104538.0,94285.0,9035.0,1218.0,5056.0,324.0,738.0,2494.0,1500.0,59.0
2013 Mar ,1368891.0,523832.0,8290.0,259244.0,108683.0,8693.0,63521.0,44202.0,27732.0,3467.0,280596.0,205790.0,50220.0,22606.0,1980.0,124217.0,87359.0,36755.0,103.0,91079.0,9617.0,70480.0,1734.0,7474.0,1774.0,14304.0,2223.0,1241.0,550.0,1610.0,6560.0,2120.0,62006.0,9635.0,46881.0,5490.0,170603.0,2712.0,3545.0,3271.0,16120.0,31307.0,5463.0,7476.0,4885.0,1856.0,7873.0,3469.0,5395.0,7766.0,52527.0,16938.0,95912.0,87652.0,7087.0,1173.0,5755.0,289.0,572.0,3184.0,1710.0,587.0
2013 Feb ,1221365.0,405346.0,4427.0,196059.0,91895.0,5680.0,44540.0,30311.0,28981.0,3453.0,342660.0,252958.0,48473.0,39087.0,2142.0,108731.0,68442.0,40229.0,60.0,76153.0,7379.0,59665.0,1249.0,6392.0,1468.0,9734.0,731.0,1196.0,1302.0,972.0,3873.0,1660.0,54112.0,8995.0,40696.0,4421.0,144455.0,1973.0,3673.0,3755.0,12621.0,23053.0,4309.0,7098.0,3524.0,1361.0,6482.0,2530.0,5440.0,7107.0,44608.0,16921.0,76189.0,69470.0,5735.0,984.0,3659.0,288.0,459.0,1606.0,1306.0,326.0
2013 Jan ,1291718.0,460013.0,5773.0,254725.0,89300.0,6819.0,44201.0,32897.0,22879.0,3419.0,256173.0,189107.0,32438.0,32717.0,1911.0,116158.0,62857.0,53193.0,108.0,92370.0,10584.0,71162.0,1778.0,6741.0,2105.0,10529.0,675.0,1351.0,456.0,1988.0,4424.0,1635.0,61382.0,9798.0,45736.0,5848.0,155741.0,2185.0,3745.0,3877.0,12798.0,22837.0,6262.0,7153.0,3382.0,1631.0,12197.0,2516.0,6892.0,7957.0,42983.0,19326.0,132869.0,119592.0,11908.0,1369.0,6338.0,277.0,909.0,3191.0,1961.0,145.0
2012 Dec ,1360536.0,593887.0,12353.0,307155.0,135669.0,8073.0,58363.0,40548.0,28176.0,3550.0,236886.0,171109.0,42299.0,20995.0,2483.0,100909.0,69538.0,31232.0,139.0,103142.0,10096.0,78272.0,1717.0,10726.0,2331.0,12180.0,693.0,1035.0,698.0,1100.0,6444.0,2210.0,57292.0,8932.0,43787.0,4573.0,131438.0,1922.0,2391.0,3668.0,11810.0,22338.0,4986.0,6028.0,2970.0,1395.0,7303.0,2415.0,5809.0,6923.0,38331.0,13149.0,115234.0,103207.0,10323.0,1704.0,8884.0,277.0,1271.0,4940.0,2396.0,684.0
2012 Nov ,1212079.0,484855.0,6194.0,229432.0,124008.0,6870.0,55125.0,33908.0,25249.0,4069.0,235903.0,177112.0,36704.0,20223.0,1864.0,104935.0,70696.0,34014.0,225.0,93535.0,8922.0,74794.0,1395.0,6607.0,1817.0,9208.0,738.0,1091.0,416.0,1006.0,4305.0,1652.0,52501.0,7659.0,40170.0,4672.0,131485.0,2188.0,2290.0,2889.0,12585.0,20254.0,5298.0,6638.0,3502.0,1683.0,6370.0,3264.0,3875.0,7564.0,39523.0,13562.0,93865.0,83972.0,8550.0,1343.0,5397.0,341.0,1158.0,2230.0,1668.0,395.0
2012 Oct ,1192580.0,465620.0,5070.0,215668.0,93945.0,6935.0,56058.0,57136.0,25749.0,5059.0,231172.0,170529.0,38630.0,20456.0,1557.0,97453.0,62436.0,34713.0,304.0,92897.0,9456.0,72348.0,1368.0,7229.0,2496.0,12244.0,575.0,1331.0,550.0,2517.0,5100.0,2171.0,50635.0,7002.0,38016.0,5617.0,124645.0,2046.0,2517.0,2541.0,11328.0,20744.0,4265.0,6884.0,2907.0,1740.0,4909.0,3646.0,3035.0,7634.0,38087.0,12362.0,112576.0,100138.0,11158.0,1280.0,4910.0,324.0,512.0,2230.0,1844.0,428.0
2012 Sep ,1051348.0,407516.0,4106.0,195481.0,90484.0,6502.0,46880.0,34926.0,25917.0,3220.0,183313.0,128830.0,34584.0,18385.0,1514.0,97357.0,65991.0,31247.0,119.0,78515.0,10030.0,58748.0,1710.0,6398.0,1629.0,10867.0,1747.0,1171.0,597.0,1080.0,4588.0,1684.0,41010.0,4858.0,32008.0,4144.0,113107.0,1970.0,1885.0,1586.0,12529.0,19658.0,5174.0,6117.0,2254.0,1421.0,4002.0,3565.0,1905.0,5931.0,34867.0,10243.0,113926.0,100891.0,11669.0,1366.0,5498.0,340.0,571.0,2639.0,1948.0,239.0
2012 Aug ,1313604.0,517640.0,5860.0,276938.0,107841.0,6527.0,45775.0,38137.0,33230.0,3332.0,286756.0,206734.0,48138.0,27903.0,3981.0,130287.0,82747.0,47383.0,157.0,84393.0,9707.0,63579.0,1394.0,7979.0,1734.0,16915.0,1985.0,999.0,1231.0,1785.0,8068.0,2847.0,46622.0,6454.0,36979.0,3189.0,134641.0,2692.0,1864.0,992.0,20864.0,20355.0,11397.0,8361.0,1903.0,1661.0,4101.0,5802.0,1872.0,6816.0,34351.0,11610.0,91197.0,79292.0,10901.0,1004.0,5106.0,258.0,932.0,1841.0,2075.0,47.0
2012 Jul ,1283611.0,481014.0,5485.0,246772.0,90449.0,7699.0,45249.0,34542.0,46521.0,4297.0,288258.0,201652.0,50113.0,33511.0,2982.0,103740.0,61139.0,42524.0,77.0,89931.0,10330.0,68749.0,3327.0,5847.0,1678.0,15998.0,1403.0,1239.0,965.0,2176.0,7448.0,2767.0,55947.0,7346.0,44265.0,4336.0,122181.0,2884.0,3359.0,1425.0,15402.0,17784.0,5403.0,9847.0,3587.0,1862.0,3848.0,3663.0,2430.0,8219.0,31208.0,11260.0,120719.0,105570.0,13772.0,1377.0,5809.0,315.0,615.0,2674.0,2205.0,14.0
2012 Jun ,1157739.0,502674.0,6980.0,253510.0,107356.0,7397.0,49957.0,34526.0,39560.0,3388.0,182892.0,122630.0,36897.0,21006.0,2359.0,86815.0,52387.0,34394.0,34.0,114364.0,9782.0,93694.0,3119.0,6040.0,1729.0,14077.0,1345.0,1088.0,979.0,2519.0,5716.0,2430.0,52552.0,5356.0,43468.0,3728.0,87205.0,1669.0,1801.0,1745.0,9301.0,13106.0,3668.0,5194.0,2506.0,1560.0,3567.0,2263.0,2043.0,4657.0,25663.0,8462.0,106256.0,92951.0,12021.0,1284.0,5083.0,304.0,681.0,2591.0,1507.0,5821.0
2012 May ,1146448.0,490836.0,4649.0,228359.0,99568.0,8984.0,72484.0,42583.0,30562.0,3647.0,195027.0,139946.0,33091.0,20607.0,1383.0,83112.0,50006.0,33018.0,88.0,142003.0,9231.0,124147.0,1489.0,5346.0,1790.0,8702.0,924.0,977.0,318.0,874.0,4312.0,1297.0,46711.0,6166.0,36739.0,3806.0,91559.0,1661.0,1644.0,1607.0,10902.0,14377.0,3639.0,5329.0,1875.0,1240.0,3939.0,2131.0,2008.0,5467.0,26743.0,8997.0,84044.0,72641.0,10137.0,1266.0,4451.0,267.0,534.0,2251.0,1399.0,3.0
2012 Apr ,1201953.0,493900.0,4472.0,214289.0,96892.0,12114.0,75052.0,56217.0,29837.0,5027.0,246075.0,173543.0,47141.0,22999.0,2392.0,80556.0,49203.0,31252.0,101.0,98688.0,9279.0,76035.0,1294.0,10243.0,1837.0,10029.0,886.0,979.0,389.0,1029.0,5282.0,1464.0,47323.0,7294.0,35169.0,4860.0,126201.0,2637.0,2660.0,2358.0,14517.0,19375.0,4848.0,5609.0,3444.0,1463.0,5023.0,3051.0,3447.0,7726.0,38489.0,11554.0,92969.0,81927.0,9881.0,1161.0,6211.0,345.0,1220.0,3018.0,1628.0,1.0
2012 Mar ,1243133.0,484166.0,6942.0,227695.0,108054.0,8197.0,58682.0,43230.0,28214.0,3152.0,240492.0,182348.0,35154.0,21401.0,1589.0,109198.0,74995.0,34077.0,126.0,82938.0,8951.0,65547.0,1492.0,5286.0,1662.0,15711.0,5048.0,1216.0,340.0,1244.0,6088.0,1775.0,60074.0,9930.0,45720.0,4424.0,165101.0,2610.0,3557.0,4144.0,14253.0,30111.0,6122.0,7163.0,4579.0,1817.0,6603.0,3107.0,5175.0,7958.0,52121.0,15781.0,79598.0,70960.0,7469.0,1169.0,5855.0,271.0,813.0,2992.0,1779.0,0.0
2012 Feb ,1134554.0,424993.0,4782.0,211738.0,88451.0,7038.0,50931.0,33176.0,26059.0,2818.0,217565.0,158002.0,30416.0,27260.0,1887.0,112776.0,67306.0,45397.0,73.0,78699.0,7639.0,61815.0,1405.0,6251.0,1589.0,10478.0,1483.0,1336.0,655.0,975.0,4211.0,1818.0,54048.0,8303.0,41970.0,3775.0,159924.0,2392.0,4261.0,5586.0,14493.0,27868.0,5314.0,7351.0,4038.0,1557.0,6533.0,2398.0,5967.0,7709.0,47150.0,17307.0,71466.0,63878.0,6613.0,975.0,4508.0,319.0,729.0,2172.0,1288.0,97.0
2012 Jan ,1198507.0,432507.0,4862.0,230500.0,88970.0,6710.0,42248.0,28725.0,27160.0,3332.0,270576.0,201742.0,39000.0,27457.0,2377.0,96683.0,50672.0,45933.0,78.0,73360.0,7250.0,57265.0,1496.0,5407.0,1942.0,10230.0,1726.0,1138.0,483.0,1664.0,3990.0,1229.0,51653.0,8495.0,38922.0,4236.0,150022.0,2153.0,3250.0,4792.0,10939.0,26463.0,5443.0,7082.0,3238.0,1566.0,12759.0,2473.0,5682.0,7253.0,40139.0,16790.0,107329.0,94946.0,11207.0,1176.0,6107.0,269.0,821.0,3185.0,1832.0,40.0
2011 Dec ,1216637.0,560480.0,10382.0,284232.0,130493.0,8594.0,57114.0,39338.0,26995.0,3332.0,167257.0,113390.0,36204.0,15153.0,2510.0,92226.0,62585.0,29605.0,36.0,102226.0,8366.0,78434.0,1850.0,11387.0,2189.0,12264.0,2029.0,778.0,495.0,1167.0,5857.0,1938.0,47529.0,7610.0,36418.0,3501.0,128389.0,2025.0,2232.0,4319.0,12050.0,21448.0,4873.0,6168.0,3097.0,1526.0,6881.0,3060.0,4934.0,6687.0,37068.0,12021.0,96626.0,84723.0,10514.0,1389.0,9634.0,253.0,1837.0,5305.0,2239.0,6.0
2011 Nov ,1027787.0,414851.0,5139.0,188488.0,104972.0,7096.0,52726.0,29299.0,23406.0,3725.0,149816.0,100824.0,31543.0,15865.0,1584.0,94486.0,61293.0,33145.0,48.0,89970.0,7610.0,72387.0,1486.0,6560.0,1927.0,14584.0,1827.0,1085.0,668.0,1907.0,6958.0,2139.0,48158.0,7843.0,36701.0,3614.0,130163.0,2181.0,2279.0,3092.0,11166.0,22487.0,4718.0,6532.0,3377.0,1695.0,5517.0,3173.0,3947.0,7767.0,39094.0,13138.0,80355.0,70012.0,8888.0,1455.0,5403.0,279.0,1080.0,2100.0,1944.0,1.0
2011 Oct ,1085193.0,437413.0,4238.0,193879.0,88770.0,7624.0,63218.0,53133.0,23285.0,3266.0,184153.0,133563.0,31027.0,17775.0,1788.0,91377.0,57677.0,33594.0,106.0,95389.0,8085.0,77196.0,1574.0,6469.0,2065.0,9542.0,1706.0,1136.0,361.0,1142.0,3710.0,1487.0,47929.0,6814.0,36840.0,4275.0,117723.0,2222.0,2241.0,2202.0,11204.0,18938.0,3767.0,7112.0,2667.0,1561.0,4575.0,3343.0,3228.0,7596.0,36372.0,10695.0,95623.0,84509.0,9876.0,1238.0,6042.0,373.0,750.0,2853.0,2066.0,2.0
2011 Sep ,1033747.0,450741.0,3910.0,221319.0,103060.0,6966.0,51859.0,33009.0,26678.0,3940.0,156030.0,104211.0,31113.0,19057.0,1649.0,92553.0,62395.0,30112.0,46.0,76611.0,8866.0,58309.0,1319.0,6394.0,1723.0,13020.0,3485.0,922.0,710.0,1545.0,4660.0,1698.0,37354.0,4554.0,29821.0,2979.0,104492.0,1819.0,1659.0,1259.0,10434.0,17400.0,3867.0,6318.0,1964.0,1521.0,4262.0,2948.0,1901.0,5725.0,33964.0,9451.0,96987.0,86076.0,9698.0,1213.0,5934.0,393.0,585.0,2715.0,2241.0,25.0
2011 Aug ,1178511.0,449333.0,4556.0,228209.0,91344.0,7256.0,49558.0,34385.0,30612.0,3413.0,263202.0,183890.0,49034.0,26574.0,3704.0,116472.0,72034.0,44364.0,74.0,78694.0,7316.0,60926.0,1154.0,7586.0,1712.0,13462.0,2339.0,1006.0,580.0,1056.0,6637.0,1844.0,43227.0,6399.0,34221.0,2607.0,124298.0,2464.0,1595.0,1240.0,17520.0,18141.0,8242.0,8909.0,1905.0,1570.0,4033.0,5411.0,1726.0,6090.0,34980.0,10472.0,84623.0,71953.0,11612.0,1058.0,5200.0,238.0,841.0,1798.0,2323.0,0.0
2011 Jul ,1273870.0,497719.0,5522.0,251419.0,90175.0,9196.0,50938.0,40848.0,45542.0,4079.0,277466.0,183862.0,56960.0,33454.0,3190.0,96250.0,55479.0,40587.0,184.0,93197.0,9038.0,71209.0,3568.0,7585.0,1797.0,22187.0,2182.0,1170.0,2404.0,3696.0,9149.0,3586.0,53651.0,7098.0,43187.0,3366.0,113854.0,2683.0,3064.0,1991.0,13943.0,15675.0,4151.0,9682.0,3201.0,1785.0,3888.0,3336.0,2455.0,7318.0,30667.0,10015.0,112000.0,94690.0,15973.0,1337.0,7454.0,496.0,953.0,2965.0,3040.0,92.0
2011 Jun ,1080066.0,490223.0,6510.0,253383.0,97856.0,7571.0,52257.0,32783.0,36751.0,3112.0,164488.0,103335.0,37962.0,20445.0,2746.0,72355.0,38061.0,34233.0,61.0,108583.0,7984.0,90742.0,2740.0,5296.0,1821.0,12476.0,2020.0,881.0,862.0,1512.0,5064.0,2137.0,47880.0,5125.0,39712.0,3043.0,80166.0,1498.0,1578.0,1985.0,7990.0,12094.0,3099.0,4924.0,2262.0,1499.0,3085.0,2015.0,2011.0,4497.0,24474.0,7155.0,98646.0,84371.0,12891.0,1384.0,5249.0,331.0,627.0,2117.0,2174.0,0.0
2011 May ,1054104.0,447119.0,4007.0,199881.0,90528.0,7893.0,72488.0,44274.0,24500.0,3548.0,169371.0,110920.0,37886.0,18758.0,1807.0,75400.0,41594.0,33736.0,70.0,131217.0,7830.0,114316.0,1653.0,5744.0,1674.0,9512.0,1678.0,984.0,378.0,936.0,4179.0,1357.0,43167.0,6116.0,34105.0,2946.0,87405.0,1623.0,1467.0,1056.0,10086.0,12628.0,3499.0,5445.0,1724.0,1302.0,3163.0,1963.0,1926.0,5333.0,28285.0,7905.0,86375.0,72365.0,12893.0,1117.0,4536.0,278.0,604.0,2028.0,1626.0,2.0
2011 Apr ,1103320.0,456954.0,3747.0,194335.0,87230.0,11168.0,76197.0,55662.0,24152.0,4463.0,205001.0,131797.0,52413.0,18828.0,1963.0,66392.0,38311.0,28004.0,77.0,94611.0,7707.0,74097.0,1490.0,9706.0,1611.0,9340.0,1064.0,931.0,342.0,1231.0,4447.0,1325.0,45449.0,7163.0,34124.0,4162.0,121349.0,2198.0,2307.0,1138.0,11852.0,18274.0,3583.0,5949.0,3353.0,1569.0,4157.0,2744.0,2856.0,7598.0,44974.0,8797.0,97698.0,85297.0,11322.0,1079.0,6525.0,266.0,993.0,3518.0,1748.0,1.0
2011 Mar ,1071960.0,434867.0,5795.0,191842.0,96418.0,8466.0,59922.0,45728.0,23756.0,2940.0,179323.0,129749.0,32721.0,15222.0,1631.0,89686.0,59999.0,29619.0,68.0,74389.0,8133.0,57601.0,1361.0,5635.0,1659.0,17157.0,8787.0,1084.0,392.0,792.0,4654.0,1448.0,56454.0,9415.0,43236.0,3803.0,140756.0,2452.0,2723.0,1649.0,12342.0,23715.0,5155.0,7100.0,2895.0,1531.0,5736.0,2811.0,3720.0,7002.0,49776.0,12149.0,73806.0,65885.0,6939.0,982.0,5521.0,292.0,669.0,2634.0,1926.0,1.0
2011 Feb ,990118.0,377595.0,3890.0,177003.0,81747.0,5897.0,48107.0,31019.0,26850.0,3082.0,209673.0,149941.0,38190.0,19139.0,2403.0,95076.0,58190.0,36810.0,76.0,65802.0,6368.0,50696.0,1161.0,5908.0,1669.0,10652.0,3038.0,1040.0,631.0,1208.0,3429.0,1306.0,43634.0,6898.0,33944.0,2792.0,120443.0,1755.0,3188.0,1757.0,10755.0,19290.0,3518.0,6229.0,2955.0,1311.0,4349.0,1973.0,3824.0,6551.0,41679.0,11309.0,63345.0,58135.0,4287.0,923.0,3897.0,233.0,571.0,1565.0,1528.0,1.0
2011 Jan ,1055990.0,396955.0,4547.0,208232.0,78342.0,6457.0,43339.0,33230.0,19704.0,3104.0,181388.0,132040.0,29322.0,18218.0,1808.0,89922.0,48799.0,41070.0,53.0,80526.0,8228.0,63078.0,1572.0,5721.0,1927.0,10097.0,2279.0,1120.0,455.0,849.0,3992.0,1402.0,49308.0,7897.0,38267.0,3144.0,132616.0,2059.0,2868.0,2217.0,10957.0,19862.0,5048.0,6722.0,3050.0,1695.0,9732.0,2200.0,4840.0,6859.0,41430.0,13077.0,107333.0,98023.0,8102.0,1208.0,7843.0,397.0,1017.0,3908.0,2521.0,2.0
2010 Dec ,1127581.0,533890.0,9516.0,262235.0,129821.0,8277.0,55518.0,39250.0,26550.0,2723.0,146472.0,99578.0,32636.0,12186.0,2072.0,74178.0,48844.0,25255.0,79.0,96082.0,7879.0,73532.0,1777.0,10477.0,2417.0,10819.0,2669.0,903.0,403.0,793.0,4513.0,1538.0,44765.0,7624.0,34346.0,2795.0,116043.0,1958.0,1908.0,1790.0,10578.0,17552.0,4177.0,5969.0,2453.0,1632.0,5649.0,2568.0,4014.0,5891.0,39570.0,10334.0,95127.0,86705.0,7418.0,1004.0,10205.0,431.0,1626.0,5721.0,2427.0,0.0
2010 Nov ,964170.0,391582.0,4673.0,176118.0,99975.0,5953.0,50094.0,30197.0,21246.0,3326.0,138429.0,94035.0,29852.0,13133.0,1409.0,79441.0,51542.0,27814.0,85.0,89484.0,7439.0,72920.0,1401.0,5786.0,1938.0,13507.0,2512.0,1310.0,723.0,1554.0,5729.0,1679.0,43978.0,6485.0,34324.0,3169.0,129448.0,2168.0,2266.0,1535.0,11753.0,22283.0,4394.0,6077.0,2916.0,1574.0,5098.0,2750.0,3276.0,7086.0,43263.0,13009.0,72468.0,64152.0,7245.0,1071.0,5830.0,424.0,1236.0,2187.0,1983.0,3.0
2010 Oct ,978913.0,410399.0,3750.0,178939.0,82803.0,6482.0,52011.0,57951.0,24692.0,3771.0,140932.0,92627.0,32834.0,13854.0,1617.0,72547.0,43497.0,29009.0,41.0,92987.0,7543.0,75574.0,1469.0,6295.0,2106.0,9647.0,2215.0,1109.0,380.0,902.0,3683.0,1358.0,45972.0,6161.0,36707.0,3104.0,113339.0,1977.0,2451.0,1359.0,10062.0,18241.0,3328.0,6352.0,2903.0,1733.0,4522.0,2959.0,2609.0,7045.0,37587.0,10211.0,87077.0,77097.0,8799.0,1181.0,6013.0,444.0,682.0,2663.0,2224.0,0.0
2010 Sep ,947585.0,447797.0,4628.0,243869.0,95484.0,5376.0,40672.0,30711.0,24338.0,2719.0,117856.0,74457.0,28469.0,13486.0,1444.0,70739.0,45012.0,25665.0,62.0,71215.0,7942.0,54860.0,1125.0,5759.0,1529.0,12752.0,4182.0,785.0,535.0,1345.0,4299.0,1606.0,34775.0,4337.0,27957.0,2481.0,95864.0,1878.0,1590.0,986.0,8362.0,15994.0,3734.0,5740.0,1912.0,1559.0,3550.0,3066.0,1772.0,4978.0,31704.0,9039.0,90846.0,80293.0,9481.0,1072.0,5739.0,298.0,651.0,2995.0,1795.0,2.0
2010 Aug ,996899.0,361982.0,4244.0,165525.0,75916.0,5838.0,39283.0,34804.0,32844.0,3528.0,202152.0,130593.0,46696.0,20959.0,3904.0,90929.0,56680.0,34169.0,80.0,75340.0,7144.0,57109.0,1510.0,7816.0,1761.0,13658.0,2727.0,1199.0,719.0,972.0,6133.0,1908.0,44148.0,6397.0,34225.0,3526.0,123392.0,2542.0,1832.0,754.0,15794.0,17269.0,8781.0,7884.0,1939.0,1776.0,4255.0,5274.0,1748.0,6148.0,35000.0,12396.0,78296.0,68222.0,9122.0,952.0,6994.0,524.0,932.0,2107.0,3431.0,8.0
2010 Jul ,1095047.0,456012.0,5578.0,232630.0,82611.0,6879.0,43441.0,37256.0,43861.0,3756.0,191372.0,117778.0,46727.0,23937.0,2930.0,77397.0,44649.0,32673.0,75.0,86537.0,9373.0,64912.0,3908.0,6207.0,2137.0,20156.0,2032.0,918.0,2548.0,2400.0,8870.0,3388.0,50467.0,6646.0,41173.0,2648.0,107517.0,2625.0,2934.0,968.0,11904.0,14647.0,4084.0,8447.0,2819.0,1725.0,3325.0,3267.0,2057.0,6888.0,31818.0,10009.0,99208.0,87289.0,10847.0,1072.0,6376.0,607.0,1163.0,1870.0,2736.0,5.0
2010 Jun ,951032.0,433880.0,5953.0,214445.0,93089.0,6236.0,44491.0,30712.0,35590.0,3364.0,117363.0,69081.0,32190.0,13542.0,2550.0,66601.0,36469.0,30033.0,99.0,102568.0,8524.0,83472.0,2926.0,5750.0,1896.0,11631.0,2118.0,1174.0,806.0,942.0,4620.0,1971.0,46349.0,4969.0,39055.0,2325.0,82013.0,1535.0,1820.0,991.0,8359.0,11839.0,3201.0,4907.0,2412.0,1904.0,3096.0,2352.0,2117.0,4338.0,25742.0,7400.0,85528.0,74597.0,9655.0,1276.0,5095.0,348.0,654.0,2155.0,1938.0,4.0
2010 May ,946676.0,403211.0,4796.0,185809.0,81937.0,6556.0,55312.0,38925.0,26153.0,3723.0,122304.0,71636.0,32047.0,17111.0,1510.0,69073.0,36827.0,32161.0,85.0,133278.0,7704.0,115965.0,1565.0,6043.0,2001.0,8692.0,1448.0,1029.0,451.0,771.0,3764.0,1229.0,40131.0,5457.0,32124.0,2550.0,92340.0,1542.0,1666.0,878.0,10323.0,14058.0,3406.0,5881.0,1807.0,1411.0,4067.0,1918.0,1822.0,6413.0,29301.0,7847.0,72648.0,63517.0,8109.0,1022.0,4999.0,307.0,640.0,2170.0,1882.0,0.0
2010 Apr ,939013.0,390638.0,3943.0,163076.0,77476.0,9646.0,54454.0,50657.0,26681.0,4705.0,143627.0,91702.0,35564.0,14509.0,1852.0,60001.0,35179.0,24785.0,37.0,94417.0,7529.0,73219.0,1707.0,9961.0,2001.0,9170.0,1184.0,957.0,305.0,1038.0,4301.0,1385.0,43034.0,6734.0,33480.0,2820.0,113930.0,2089.0,2345.0,1064.0,11283.0,17908.0,3527.0,5571.0,2560.0,1578.0,3878.0,2222.0,2839.0,6926.0,41364.0,8776.0,77745.0,70079.0,6639.0,1027.0,6449.0,363.0,977.0,2722.0,2387.0,2.0
2010 Mar ,928903.0,360196.0,5692.0,166036.0,81757.0,7000.0,43959.0,31815.0,21338.0,2599.0,130797.0,88038.0,26245.0,15220.0,1294.0,82015.0,51836.0,30113.0,66.0,70804.0,7747.0,53966.0,1662.0,5375.0,2054.0,17358.0,10024.0,1175.0,468.0,689.0,3842.0,1160.0,46657.0,7048.0,37123.0,2486.0,144873.0,2249.0,3584.0,1775.0,11349.0,24044.0,4014.0,6767.0,3807.0,2062.0,5037.0,2940.0,4166.0,6485.0,54457.0,12137.0,70292.0,63659.0,5602.0,1031.0,5907.0,379.0,938.0,2654.0,1936.0,4.0
2010 Feb ,857387.0,300249.0,4139.0,143921.0,68678.0,4583.0,32510.0,23154.0,20478.0,2786.0,187197.0,143050.0,24904.0,17738.0,1505.0,70307.0,40669.0,29589.0,49.0,59574.0,5726.0,46061.0,1292.0,4734.0,1761.0,10370.0,4042.0,997.0,587.0,714.0,3036.0,994.0,39669.0,6424.0,31167.0,2078.0,124919.0,1882.0,3786.0,1539.0,10684.0,17337.0,3821.0,6328.0,3263.0,1555.0,4465.0,2275.0,3956.0,6100.0,47583.0,10345.0,60674.0,55364.0,4481.0,829.0,4418.0,315.0,944.0,1721.0,1438.0,10.0
2010 Jan ,908495.0,331917.0,5245.0,173640.0,67942.0,5512.0,32704.0,24635.0,19109.0,3130.0,135038.0,98918.0,19415.0,15511.0,1194.0,77235.0,37747.0,39437.0,51.0,74021.0,7762.0,57404.0,1585.0,4770.0,2500.0,8796.0,1779.0,1277.0,443.0,513.0,3686.0,1098.0,44900.0,6860.0,35514.0,2526.0,130002.0,1954.0,3453.0,1972.0,10010.0,18091.0,4619.0,6597.0,2974.0,1928.0,8063.0,2174.0,4708.0,6078.0,44532.0,12849.0,99207.0,89584.0,8392.0,1231.0,7363.0,306.0,1174.0,3470.0,2413.0,16.0
2009 Dec ,972233.0,434660.0,9705.0,214634.0,110760.0,7056.0,41157.0,26830.0,22030.0,2488.0,120167.0,87983.0,21046.0,10039.0,1099.0,60515.0,40420.0,20033.0,62.0,91153.0,8001.0,70097.0,2165.0,8090.0,2800.0,9917.0,2054.0,886.0,412.0,714.0,4299.0,1552.0,42170.0,6790.0,33244.0,2136.0,110895.0,1748.0,2400.0,1761.0,9376.0,15824.0,3753.0,6413.0,2791.0,1786.0,4606.0,2316.0,3915.0,5306.0,39590.0,9310.0,92248.0,84158.0,6855.0,1235.0,10506.0,312.0,1806.0,5325.0,3063.0,2.0
2009 Nov ,830173.0,321009.0,5260.0,143014.0,82747.0,5694.0,37810.0,23588.0,19905.0,2991.0,123723.0,90358.0,20525.0,11900.0,940.0,58613.0,38949.0,19620.0,44.0,66228.0,6735.0,49836.0,1495.0,6078.0,2084.0,10364.0,1722.0,1051.0,413.0,1069.0,4631.0,1478.0,43839.0,6391.0,34402.0,3046.0,122820.0,1967.0,2811.0,1395.0,10339.0,20619.0,3436.0,6431.0,2834.0,1830.0,4900.0,3008.0,2959.0,6119.0,43734.0,10438.0,77327.0,68570.0,7570.0,1187.0,6248.0,365.0,1284.0,2656.0,1943.0,2.0
2009 Oct ,844953.0,314781.0,3988.0,137011.0,69426.0,6249.0,38367.0,35977.0,20939.0,2824.0,123066.0,83273.0,25512.0,13208.0,1073.0,59384.0,43247.0,16069.0,68.0,85135.0,8291.0,67239.0,1461.0,6242.0,1902.0,7365.0,1336.0,1083.0,254.0,666.0,3078.0,948.0,41428.0,5752.0,32734.0,2942.0,114992.0,1806.0,2795.0,1137.0,10012.0,17384.0,3695.0,7021.0,2566.0,1855.0,4691.0,3155.0,2597.0,6314.0,40669.0,9295.0,92106.0,81622.0,9431.0,1053.0,6693.0,390.0,997.0,3061.0,2245.0,3.0
2009 Sep ,799496.0,339293.0,4257.0,182901.0,68008.0,5042.0,35289.0,23587.0,17520.0,2689.0,92360.0,59588.0,21509.0,10443.0,820.0,68331.0,52561.0,15714.0,56.0,72841.0,7105.0,57110.0,1055.0,5616.0,1955.0,8743.0,1934.0,857.0,345.0,771.0,3644.0,1192.0,30958.0,3761.0,25190.0,2007.0,98164.0,1707.0,1940.0,997.0,8383.0,14742.0,3727.0,6076.0,2159.0,1685.0,3644.0,3032.0,1957.0,4533.0,34753.0,8829.0,83704.0,73407.0,9259.0,1038.0,5101.0,200.0,612.0,2505.0,1784.0,1.0
2009 Aug ,844649.0,289154.0,3520.0,131985.0,61893.0,4850.0,35930.0,23533.0,24506.0,2937.0,141676.0,86530.0,36218.0,17490.0,1438.0,83076.0,50698.0,32332.0,46.0,73878.0,7442.0,54631.0,2358.0,7523.0,1924.0,12389.0,1864.0,1088.0,821.0,1503.0,5466.0,1647.0,40065.0,5623.0,32539.0,1903.0,120519.0,2254.0,1885.0,704.0,16005.0,15563.0,8871.0,8954.0,1728.0,1835.0,3643.0,4449.0,1494.0,4832.0,37583.0,10719.0,77091.0,67152.0,8957.0,982.0,6801.0,301.0,1058.0,2532.0,2910.0,0.0
2009 Jul ,882107.0,327832.0,3598.0,169634.0,54087.0,6147.0,32072.0,26643.0,32814.0,2837.0,124316.0,72326.0,33382.0,17351.0,1257.0,77111.0,46633.0,30389.0,89.0,87003.0,9521.0,65978.0,3756.0,5820.0,1928.0,14654.0,1249.0,856.0,1843.0,1807.0,6655.0,2244.0,45315.0,5732.0,37270.0,2313.0,107151.0,2387.0,3007.0,969.0,11867.0,13356.0,3623.0,9498.0,2662.0,2085.0,3131.0,2842.0,1829.0,6023.0,34318.0,9554.0,91338.0,79439.0,10879.0,1020.0,7357.0,397.0,967.0,3304.0,2689.0,30.0
2009 Jun ,750404.0,320157.0,5618.0,159603.0,61465.0,5150.0,33487.0,24479.0,28171.0,2184.0,76165.0,41650.0,21703.0,11486.0,1326.0,49216.0,28060.0,20991.0,165.0,95946.0,7387.0,78538.0,3014.0,4992.0,2015.0,9494.0,1362.0,846.0,572.0,849.0,4115.0,1750.0,39140.0,4495.0,32615.0,2030.0,78469.0,1447.0,1803.0,1332.0,7685.0,10373.0,3038.0,4654.0,2096.0,1910.0,2892.0,2152.0,1816.0,3709.0,26545.0,7017.0,76157.0,65796.0,9342.0,1019.0,5626.0,383.0,920.0,2435.0,1888.0,34.0
2009 May ,726391.0,286750.0,3935.0,129444.0,54995.0,5512.0,42460.0,27066.0,20397.0,2941.0,86145.0,52058.0,21529.0,11602.0,956.0,51730.0,29800.0,21854.0,76.0,104524.0,6427.0,90395.0,1460.0,4544.0,1698.0,7251.0,790.0,745.0,276.0,671.0,3557.0,1212.0,33982.0,4956.0,26832.0,2194.0,82992.0,1316.0,1682.0,1202.0,8642.0,11002.0,3069.0,4889.0,1741.0,1423.0,3563.0,1898.0,1621.0,4392.0,29423.0,7129.0,68000.0,59136.0,7963.0,901.0,5007.0,220.0,605.0,2218.0,1964.0,10.0
2009 Apr ,778975.0,292558.0,3759.0,126815.0,51299.0,8226.0,44622.0,32151.0,21663.0,4023.0,128044.0,86525.0,28587.0,11970.0,962.0,53014.0,31633.0,21323.0,58.0,73709.0,6521.0,55994.0,1442.0,7845.0,1907.0,7817.0,911.0,606.0,197.0,719.0,4177.0,1207.0,36347.0,5866.0,28287.0,2194.0,108721.0,1946.0,2511.0,1361.0,9831.0,15931.0,2861.0,5109.0,3076.0,1878.0,3436.0,1965.0,2597.0,6162.0,41624.0,8433.0,72719.0,65046.0,6620.0,1053.0,6044.0,297.0,945.0,2723.0,2079.0,2.0
2009 Mar ,791236.0,283896.0,5390.0,128446.0,59660.0,5916.0,35718.0,28055.0,18307.0,2404.0,125937.0,91275.0,21290.0,12542.0,830.0,67628.0,46797.0,20759.0,72.0,61328.0,6699.0,46779.0,1503.0,4340.0,2007.0,14730.0,8136.0,1025.0,188.0,781.0,3631.0,969.0,41421.0,7104.0,32022.0,2295.0,130029.0,1868.0,2949.0,1801.0,10418.0,19351.0,3979.0,5917.0,3186.0,2211.0,3939.0,2259.0,3114.0,5605.0,52839.0,10593.0,60594.0,54821.0,4819.0,954.0,5570.0,334.0,777.0,2340.0,2119.0,103.0
2009 Feb ,689935.0,231174.0,3421.0,103501.0,45726.0,4909.0,28911.0,23335.0,19292.0,2079.0,113312.0,80037.0,19720.0,12744.0,811.0,70257.0,42807.0,27387.0,63.0,56130.0,6299.0,42275.0,1314.0,4598.0,1644.0,7176.0,1525.0,994.0,228.0,819.0,2678.0,932.0,35014.0,6443.0,26724.0,1847.0,116089.0,1447.0,3415.0,1827.0,9002.0,14985.0,3154.0,5701.0,2781.0,1967.0,3828.0,1838.0,3343.0,5456.0,47261.0,10084.0,56345.0,51144.0,4327.0,874.0,4438.0,362.0,553.0,2016.0,1507.0,0.0
2009 Jan ,772138.0,243584.0,4080.0,118342.0,44243.0,5521.0,26249.0,22661.0,19870.0,2618.0,145972.0,105144.0,23399.0,15986.0,1443.0,63943.0,38382.0,25516.0,45.0,61028.0,6209.0,46752.0,1257.0,4322.0,2488.0,7109.0,1034.0,847.0,201.0,446.0,3598.0,983.0,38044.0,7121.0,28845.0,2078.0,116663.0,1472.0,3373.0,1549.0,8168.0,14551.0,3564.0,5696.0,2734.0,2255.0,8075.0,1957.0,4682.0,5378.0,41545.0,11664.0,88918.0,80008.0,7812.0,1098.0,6874.0,300.0,894.0,3416.0,2264.0,3.0
2008 Dec ,888001.0,364652.0,8090.0,180678.0,84324.0,6928.0,37367.0,24747.0,19903.0,2615.0,101998.0,66689.0,22238.0,11947.0,1124.0,69963.0,47602.0,22308.0,53.0,84023.0,7292.0,62641.0,1844.0,9304.0,2942.0,10542.0,1392.0,789.0,450.0,855.0,5317.0,1739.0,41347.0,7664.0,31577.0,2106.0,116318.0,1859.0,2459.0,1512.0,8604.0,14272.0,3658.0,5773.0,2559.0,2653.0,5138.0,2498.0,4322.0,5853.0,43612.0,11546.0,88456.0,79278.0,8098.0,1080.0,10628.0,382.0,1682.0,5244.0,3320.0,74.0
2008 Nov ,765325.0,266543.0,3989.0,119530.0,60463.0,5738.0,34208.0,21914.0,17701.0,3000.0,111753.0,79096.0,19197.0,12535.0,925.0,72743.0,48225.0,24445.0,73.0,73883.0,7379.0,56927.0,1739.0,5631.0,2207.0,7112.0,1063.0,1002.0,221.0,607.0,3082.0,1137.0,40132.0,7040.0,30713.0,2379.0,117515.0,2033.0,2507.0,1169.0,8782.0,16946.0,3367.0,6121.0,2615.0,2642.0,5198.0,2623.0,2951.0,6570.0,43751.0,10240.0,68586.0,60257.0,7239.0,1090.0,6482.0,277.0,1177.0,2765.0,2263.0,576.0
2008 Oct ,849400.0,317385.0,3340.0,158276.0,54973.0,6581.0,38577.0,34193.0,18719.0,2726.0,111262.0,76836.0,20016.0,13503.0,907.0,78748.0,47736.0,30930.0,82.0,85228.0,8167.0,67510.0,1335.0,6018.0,2198.0,8528.0,1243.0,1075.0,265.0,750.0,3898.0,1297.0,41640.0,6708.0,31842.0,3090.0,110068.0,1563.0,2775.0,946.0,8200.0,16762.0,3077.0,6525.0,2487.0,2439.0,4748.0,2333.0,2684.0,6014.0,39729.0,9786.0,88100.0,75866.0,11008.0,1226.0,7873.0,337.0,769.0,3859.0,2908.0,568.0
2008 Sep ,745794.0,276194.0,3569.0,144158.0,44892.0,5815.0,34314.0,24530.0,16065.0,2851.0,100597.0,66582.0,20765.0,12303.0,947.0,74721.0,48771.0,25914.0,36.0,69508.0,7914.0,53488.0,1115.0,4969.0,2022.0,6922.0,1336.0,912.0,137.0,474.0,3266.0,797.0,31823.0,4273.0,25160.0,2390.0,94826.0,1440.0,1966.0,1181.0,7682.0,14033.0,3397.0,5476.0,2060.0,2070.0,3815.0,2550.0,1848.0,4873.0,34252.0,8183.0,84600.0,72816.0,10776.0,1008.0,6013.0,241.0,510.0,2781.0,2481.0,590.0
2008 Aug ,850016.0,279089.0,4627.0,134811.0,44118.0,6680.0,34984.0,25901.0,24828.0,3140.0,136725.0,91325.0,26847.0,16923.0,1630.0,96109.0,53699.0,42338.0,72.0,80388.0,8481.0,58626.0,2492.0,8029.0,2760.0,15263.0,1714.0,892.0,1094.0,1911.0,7253.0,2399.0,40453.0,6026.0,32440.0,1987.0,115651.0,2108.0,2056.0,648.0,13597.0,14690.0,6556.0,7241.0,1943.0,2064.0,4385.0,4595.0,1598.0,5361.0,39102.0,9707.0,77039.0,65465.0,10578.0,996.0,8727.0,521.0,1010.0,2753.0,4443.0,572.0
2008 Jul ,922569.0,322370.0,4505.0,168492.0,46968.0,7068.0,34135.0,28884.0,29462.0,2856.0,154705.0,105528.0,28218.0,19398.0,1561.0,87345.0,47659.0,39614.0,72.0,85471.0,9581.0,63373.0,3749.0,6286.0,2482.0,15161.0,844.0,863.0,1022.0,1592.0,8182.0,2658.0,48591.0,6838.0,39087.0,2666.0,106176.0,2243.0,3121.0,784.0,11267.0,13500.0,3971.0,7759.0,3126.0,2443.0,3922.0,3364.0,2114.0,5896.0,33489.0,9177.0,93866.0,79776.0,13056.0,1034.0,8293.0,565.0,1062.0,3415.0,3251.0,591.0
2008 Jun ,822954.0,309564.0,5959.0,154546.0,53217.0,6292.0,33708.0,26211.0,27272.0,2359.0,108212.0,70565.0,23055.0,13146.0,1446.0,76951.0,40879.0,35998.0,74.0,104211.0,8853.0,84143.0,2551.0,5799.0,2865.0,9461.0,1021.0,905.0,404.0,885.0,4625.0,1621.0,42579.0,5078.0,35304.0,2197.0,79538.0,1409.0,2003.0,806.0,7147.0,10893.0,2450.0,4945.0,2680.0,2316.0,3626.0,1672.0,1944.0,3830.0,27584.0,6233.0,85419.0,73802.0,10554.0,1063.0,6431.0,371.0,846.0,2835.0,2379.0,588.0
2008 May ,833604.0,292928.0,3927.0,137243.0,52115.0,6199.0,41872.0,30487.0,18193.0,2892.0,124860.0,86785.0,22867.0,14276.0,932.0,78866.0,42382.0,36412.0,72.0,122586.0,8495.0,103468.0,1663.0,6283.0,2677.0,6135.0,634.0,828.0,157.0,533.0,3029.0,954.0,38871.0,5699.0,30862.0,2310.0,85942.0,1449.0,1915.0,854.0,8451.0,11609.0,2638.0,5542.0,1675.0,1730.0,4272.0,1715.0,1768.0,5038.0,29792.0,7494.0,76912.0,65901.0,9880.0,1131.0,5910.0,295.0,662.0,2405.0,2548.0,594.0
2008 Apr ,829438.0,296937.0,3409.0,131809.0,53749.0,8873.0,39347.0,36226.0,19097.0,4427.0,142790.0,107639.0,20232.0,13944.0,975.0,70311.0,36301.0,33946.0,64.0,84085.0,7718.0,62908.0,1502.0,9426.0,2531.0,7158.0,772.0,816.0,220.0,719.0,3491.0,1140.0,39477.0,6058.0,31189.0,2230.0,107745.0,1598.0,2454.0,982.0,9897.0,14169.0,3556.0,5805.0,2500.0,1939.0,4102.0,1970.0,2538.0,5993.0,41655.0,8587.0,72444.0,63079.0,8378.0,987.0,7903.0,388.0,1216.0,3837.0,2462.0,588.0
2008 Mar ,910635.0,312642.0,5406.0,155238.0,56359.0,6989.0,37117.0,31641.0,17961.0,1931.0,140905.0,98180.0,27600.0,13778.0,1347.0,97077.0,57364.0,39683.0,30.0,76460.0,7986.0,57776.0,2055.0,6073.0,2570.0,13567.0,6760.0,1024.0,250.0,687.0,3642.0,1204.0,50240.0,8239.0,39004.0,2997.0,141721.0,2152.0,3720.0,1431.0,9707.0,18467.0,3420.0,6107.0,4554.0,2900.0,4815.0,2819.0,4248.0,5642.0,61272.0,10467.0,69741.0,61681.0,6846.0,1214.0,7734.0,338.0,736.0,3889.0,2771.0,548.0
2008 Feb ,813028.0,255547.0,3338.0,124940.0,50318.0,5329.0,28674.0,23320.0,17171.0,2457.0,167633.0,121031.0,27263.0,17829.0,1510.0,88478.0,47449.0,40998.0,31.0,65091.0,6700.0,49078.0,1252.0,5789.0,2272.0,6882.0,1259.0,1149.0,310.0,640.0,2439.0,1085.0,42718.0,7661.0,33006.0,2051.0,122346.0,1672.0,3992.0,1554.0,9093.0,15670.0,3226.0,5948.0,3348.0,2137.0,3954.0,1795.0,4112.0,4834.0,51188.0,9823.0,58822.0,52457.0,5365.0,1000.0,5022.0,312.0,745.0,1893.0,2072.0,489.0
2008 Jan ,885290.0,277557.0,4126.0,155708.0,45984.0,6090.0,24635.0,25851.0,12927.0,2236.0,145726.0,108486.0,19817.0,16342.0,1081.0,103460.0,52973.0,50432.0,55.0,76189.0,7252.0,58365.0,1701.0,6211.0,2660.0,7206.0,1045.0,1147.0,308.0,443.0,2946.0,1317.0,47540.0,8760.0,36447.0,2333.0,124515.0,1574.0,3348.0,1513.0,8771.0,14269.0,3719.0,5988.0,3269.0,2703.0,8683.0,2032.0,5036.0,4884.0,47618.0,11108.0,93022.0,82778.0,8994.0,1250.0,9504.0,426.0,1015.0,4407.0,3656.0,571.0
2007 Dec ,953812.0,367574.0,7437.0,209494.0,68961.0,6719.0,30154.0,25919.0,16674.0,2216.0,134088.0,97832.0,21084.0,14118.0,1054.0,94677.0,53411.0,39701.0,1565.0,89478.0,6972.0,69669.0,1634.0,8402.0,2801.0,8531.0,1127.0,786.0,410.0,888.0,3804.0,1516.0,46664.0,8732.0,35809.0,2123.0,109562.0,1554.0,2388.0,1268.0,7879.0,12861.0,2984.0,5747.0,2904.0,2409.0,5021.0,2074.0,4692.0,4459.0,43715.0,9607.0,89817.0,79014.0,9550.0,1253.0,12787.0,459.0,1733.0,6355.0,4240.0,634.0
2007 Nov ,841648.0,277053.0,4139.0,136473.0,55020.0,5042.0,32059.0,26309.0,15333.0,2678.0,141308.0,103906.0,22638.0,13742.0,1022.0,98678.0,53784.0,43965.0,929.0,79950.0,6886.0,63189.0,1584.0,6006.0,2285.0,6375.0,910.0,1030.0,247.0,496.0,2700.0,992.0,44743.0,7665.0,34509.0,2569.0,113635.0,1730.0,2570.0,1267.0,8322.0,16252.0,3072.0,5930.0,2897.0,2462.0,3814.0,2431.0,3463.0,5389.0,44803.0,9233.0,69545.0,60543.0,7968.0,1034.0,6785.0,407.0,1103.0,2425.0,2850.0,3576.0
2007 Oct ,917427.0,372774.0,3292.0,215886.0,58591.0,4985.0,36179.0,36655.0,14631.0,2555.0,122361.0,83831.0,23224.0,14426.0,880.0,85301.0,51825.0,33383.0,93.0,76776.0,7060.0,59747.0,1603.0,5996.0,2370.0,6469.0,542.0,986.0,223.0,617.0,3014.0,1087.0,46409.0,7980.0,34968.0,3461.0,106413.0,1655.0,2974.0,1213.0,7217.0,15364.0,2734.0,6468.0,2579.0,2422.0,3258.0,2434.0,2806.0,5157.0,41158.0,8974.0,87496.0,74693.0,11456.0,1347.0,7942.0,421.0,737.0,3105.0,3679.0,5486.0
2007 Sep ,771453.0,272728.0,3656.0,136054.0,49733.0,6099.0,32523.0,27135.0,15574.0,1954.0,116353.0,76181.0,22902.0,16276.0,994.0,84525.0,54186.0,30265.0,74.0,70842.0,6428.0,55188.0,1486.0,5906.0,1834.0,6412.0,1465.0,809.0,226.0,555.0,2468.0,889.0,35013.0,5148.0,27391.0,2474.0,88819.0,1540.0,2204.0,934.0,6416.0,13741.0,2819.0,5519.0,1953.0,2125.0,2599.0,2159.0,1901.0,4041.0,32992.0,7876.0,84688.0,71269.0,12290.0,1129.0,6820.0,312.0,725.0,3009.0,2774.0,5253.0
2007 Aug ,913181.0,312746.0,3631.0,159570.0,55293.0,4798.0,34096.0,29149.0,23778.0,2431.0,169495.0,114463.0,32177.0,21028.0,1827.0,104289.0,58288.0,45910.0,91.0,76061.0,6971.0,56204.0,2804.0,7995.0,2087.0,14313.0,1265.0,1055.0,1283.0,1863.0,6050.0,2797.0,42941.0,7218.0,33668.0,2055.0,109224.0,2019.0,2314.0,818.0,11861.0,13544.0,6079.0,7224.0,1767.0,2426.0,3073.0,3844.0,1614.0,4389.0,38624.0,9628.0,74195.0,62205.0,11010.0,980.0,9058.0,603.0,1322.0,2712.0,4421.0,859.0
2007 Jul ,952836.0,347869.0,4219.0,193024.0,50725.0,5537.0,35032.0,32250.0,24935.0,2147.0,167225.0,108881.0,31990.0,24849.0,1505.0,95406.0,49234.0,46123.0,49.0,79495.0,8274.0,58731.0,3715.0,6384.0,2391.0,13900.0,577.0,1018.0,1112.0,1878.0,6703.0,2612.0,49383.0,6827.0,39483.0,3073.0,99256.0,2101.0,2691.0,730.0,9451.0,12388.0,3073.0,7568.0,2494.0,2582.0,2734.0,2123.0,2045.0,4963.0,34682.0,9631.0,90380.0,75658.0,13648.0,1074.0,9338.0,570.0,1132.0,3947.0,3689.0,584.0
2007 Jun ,850514.0,340695.0,5136.0,180643.0,59152.0,5299.0,35997.0,29419.0,23153.0,1896.0,120946.0,77239.0,25551.0,16868.0,1288.0,79392.0,41289.0,38027.0,76.0,98044.0,6583.0,80829.0,2423.0,5968.0,2241.0,7570.0,628.0,883.0,445.0,905.0,3347.0,1362.0,42419.0,5279.0,34838.0,2302.0,73751.0,1219.0,1530.0,1053.0,6130.0,9677.0,2476.0,4540.0,2003.0,2577.0,2197.0,1391.0,2088.0,3251.0,27594.0,6025.0,80123.0,66784.0,12414.0,925.0,7058.0,318.0,760.0,3079.0,2901.0,516.0
2007 May ,821248.0,305549.0,3641.0,155604.0,51348.0,5295.0,42047.0,30555.0,14995.0,2064.0,126217.0,85198.0,25261.0,14952.0,806.0,73313.0,38813.0,34408.0,92.0,114903.0,6211.0,97637.0,1573.0,7378.0,2104.0,5637.0,415.0,710.0,202.0,618.0,2794.0,898.0,39413.0,5916.0,31180.0,2317.0,78426.0,1272.0,1981.0,1042.0,6783.0,10999.0,2568.0,4623.0,1541.0,1673.0,2408.0,1294.0,1882.0,4001.0,29540.0,6819.0,70147.0,58832.0,10160.0,1155.0,6795.0,311.0,716.0,2662.0,3106.0,848.0
2007 Apr ,819505.0,300395.0,3265.0,142560.0,51360.0,6838.0,43107.0,34500.0,15553.0,3212.0,144824.0,99136.0,29338.0,15343.0,1007.0,70261.0,37962.0,32219.0,80.0,77609.0,5640.0,59244.0,1448.0,9160.0,2117.0,6481.0,611.0,701.0,261.0,802.0,2855.0,1251.0,39032.0,6559.0,30253.0,2220.0,102227.0,1512.0,2602.0,1321.0,7858.0,13137.0,2295.0,4648.0,2491.0,2267.0,3220.0,1749.0,2950.0,4922.0,42343.0,8912.0,68362.0,58557.0,8786.0,1019.0,9702.0,804.0,962.0,4785.0,3151.0,612.0
2007 Mar ,858661.0,304096.0,4547.0,153855.0,52269.0,5480.0,39195.0,33087.0,14060.0,1603.0,118635.0,79239.0,22361.0,16091.0,944.0,100986.0,58843.0,42071.0,72.0,69291.0,5873.0,53444.0,1731.0,6356.0,1887.0,10891.0,5024.0,1028.0,215.0,775.0,2730.0,1119.0,49806.0,8756.0,38849.0,2201.0,135206.0,1729.0,3325.0,1644.0,9755.0,18555.0,3218.0,6252.0,3000.0,2636.0,4152.0,1991.0,4515.0,5056.0,57788.0,11590.0,60051.0,52493.0,6605.0,953.0,8395.0,303.0,887.0,4064.0,3141.0,1304.0
2007 Feb ,758341.0,242991.0,3471.0,120382.0,48175.0,3749.0,30588.0,22575.0,11969.0,2082.0,162485.0,111934.0,26025.0,23307.0,1219.0,78430.0,46920.0,31464.0,46.0,54724.0,4527.0,42507.0,1216.0,4797.0,1677.0,5793.0,856.0,971.0,290.0,664.0,1944.0,1068.0,40766.0,8037.0,30990.0,1739.0,121252.0,1425.0,3779.0,1574.0,9103.0,14016.0,3442.0,5793.0,2762.0,2265.0,4049.0,1711.0,4587.0,4533.0,50680.0,11533.0,46214.0,40252.0,5063.0,899.0,4988.0,245.0,643.0,1923.0,2177.0,698.0
2007 Jan ,825919.0,280266.0,3813.0,158510.0,45147.0,4887.0,27798.0,25863.0,12555.0,1693.0,113815.0,76116.0,19559.0,17156.0,984.0,96758.0,49959.0,46756.0,43.0,66798.0,5625.0,52339.0,1654.0,5057.0,2123.0,6236.0,815.0,1048.0,328.0,494.0,2645.0,906.0,47589.0,8510.0,36947.0,2132.0,128031.0,1504.0,3048.0,1664.0,8494.0,14366.0,3986.0,6039.0,2785.0,2727.0,7580.0,1749.0,5077.0,4942.0,51932.0,12138.0,77007.0,68190.0,7778.0,1039.0,8962.0,301.0,962.0,4164.0,3535.0,457.0
2006 Dec ,903578.0,371005.0,6344.0,205629.0,72640.0,4987.0,35910.0,29714.0,13949.0,1832.0,121114.0,81414.0,22530.0,16218.0,952.0,84583.0,48367.0,36134.0,82.0,79502.0,5163.0,61578.0,1590.0,8721.0,2450.0,6646.0,729.0,805.0,352.0,758.0,2816.0,1186.0,46432.0,8915.0,35548.0,1969.0,109711.0,1430.0,2146.0,1583.0,6967.0,11910.0,3069.0,5358.0,2551.0,2615.0,4707.0,1880.0,4078.0,4414.0,47767.0,9236.0,72785.0,63644.0,7888.0,1253.0,11289.0,369.0,1508.0,5257.0,4155.0,511.0
2006 Nov ,800732.0,279253.0,3782.0,137074.0,56439.0,4125.0,35718.0,26895.0,12867.0,2353.0,128131.0,88343.0,22845.0,15953.0,990.0,95900.0,52047.0,43791.0,62.0,66538.0,5465.0,51570.0,1485.0,5958.0,2060.0,5463.0,426.0,915.0,238.0,609.0,2336.0,939.0,45838.0,7987.0,35157.0,2694.0,112954.0,1714.0,2483.0,1560.0,7632.0,15428.0,2876.0,6157.0,2499.0,2581.0,3729.0,2065.0,3378.0,5396.0,45798.0,9658.0,58487.0,49822.0,7548.0,1117.0,7589.0,282.0,1093.0,2650.0,3564.0,579.0
2006 Oct ,857821.0,364760.0,2950.0,210355.0,61466.0,4008.0,36293.0,35860.0,12537.0,1291.0,110223.0,70690.0,21801.0,17087.0,645.0,82644.0,47552.0,35025.0,67.0,72637.0,5326.0,58389.0,1290.0,5669.0,1963.0,5484.0,306.0,910.0,123.0,501.0,2701.0,943.0,38373.0,5996.0,29829.0,2548.0,103587.0,1664.0,2470.0,1329.0,7179.0,14840.0,2548.0,6281.0,2349.0,2286.0,2955.0,1842.0,2907.0,5304.0,40403.0,9230.0,72903.0,61388.0,10442.0,1073.0,6591.0,273.0,598.0,2523.0,3197.0,619.0
2006 Sep ,715527.0,261202.0,3511.0,136514.0,46751.0,3568.0,29747.0,26498.0,12514.0,2099.0,100087.0,63550.0,20463.0,15350.0,724.0,80696.0,51284.0,29315.0,97.0,63987.0,5546.0,49413.0,1551.0,5558.0,1919.0,5994.0,1073.0,801.0,315.0,666.0,2012.0,1127.0,36588.0,4773.0,29118.0,2697.0,85794.0,1381.0,1771.0,1008.0,6297.0,12532.0,2904.0,5264.0,1817.0,1926.0,2617.0,1954.0,1820.0,4048.0,32354.0,8101.0,73482.0,59479.0,12957.0,1046.0,6999.0,224.0,697.0,2688.0,3390.0,698.0
2006 Aug ,870763.0,299995.0,3389.0,164474.0,51108.0,3977.0,29722.0,27775.0,17916.0,1634.0,158934.0,103459.0,30672.0,23438.0,1365.0,107892.0,62970.0,44846.0,76.0,66832.0,6019.0,49536.0,2500.0,6796.0,1981.0,12147.0,705.0,669.0,1316.0,1842.0,5354.0,2261.0,41972.0,6442.0,33504.0,2026.0,105503.0,1674.0,1697.0,1060.0,11062.0,12952.0,5698.0,6595.0,1603.0,1993.0,2648.0,3255.0,1649.0,4105.0,39956.0,9556.0,69023.0,55387.0,12738.0,898.0,7959.0,345.0,1177.0,2543.0,3894.0,506.0
2006 Jul ,914879.0,330905.0,3822.0,192166.0,48104.0,4643.0,30567.0,29003.0,20816.0,1784.0,169839.0,113127.0,28265.0,27109.0,1338.0,98188.0,52407.0,45685.0,96.0,70932.0,6175.0,53121.0,3320.0,6078.0,2238.0,11863.0,391.0,745.0,853.0,1785.0,5445.0,2644.0,48864.0,6967.0,39092.0,2805.0,92896.0,1729.0,2581.0,1009.0,8889.0,11095.0,2842.0,7156.0,2253.0,2432.0,2229.0,1703.0,2049.0,4228.0,34275.0,8426.0,82212.0,66485.0,14742.0,985.0,8693.0,391.0,1254.0,3937.0,3111.0,487.0
2006 Jun ,788955.0,309637.0,4859.0,167216.0,56325.0,3547.0,29790.0,28946.0,17513.0,1441.0,113776.0,71213.0,23998.0,17393.0,1172.0,79551.0,43153.0,36327.0,71.0,83838.0,6027.0,67838.0,2279.0,5811.0,1883.0,6656.0,446.0,796.0,349.0,812.0,2994.0,1259.0,43520.0,5043.0,36431.0,2046.0,70681.0,1192.0,1483.0,1104.0,6104.0,9356.0,2566.0,4280.0,1695.0,2134.0,2119.0,1546.0,2022.0,2831.0,26150.0,6099.0,74589.0,60988.0,12559.0,1042.0,6236.0,238.0,667.0,2805.0,2526.0,471.0
2006 May ,766181.0,286718.0,2955.0,146039.0,49755.0,3678.0,39995.0,30587.0,11755.0,1954.0,118874.0,78594.0,24008.0,15410.0,862.0,77211.0,42907.0,34236.0,68.0,94733.0,5155.0,80687.0,1611.0,5354.0,1926.0,4610.0,340.0,746.0,170.0,467.0,2067.0,820.0,38753.0,5905.0,30705.0,2143.0,76368.0,1193.0,1300.0,1077.0,6787.0,10865.0,2516.0,4413.0,1426.0,1431.0,2900.0,1296.0,1875.0,3775.0,28329.0,7185.0,62002.0,51237.0,9736.0,1029.0,6427.0,204.0,542.0,2697.0,2984.0,485.0
2006 Apr ,816654.0,298081.0,3457.0,147235.0,51480.0,4699.0,37713.0,37862.0,12993.0,2642.0,144917.0,97423.0,28836.0,17657.0,1001.0,73113.0,41269.0,31780.0,64.0,70380.0,5014.0,53531.0,1251.0,8626.0,1958.0,5012.0,350.0,747.0,203.0,754.0,2094.0,864.0,37580.0,6407.0,28940.0,2233.0,103077.0,1571.0,2094.0,1281.0,7712.0,16067.0,2543.0,4729.0,2334.0,2055.0,2982.0,1463.0,2920.0,4909.0,41733.0,8684.0,75336.0,63480.0,10618.0,1238.0,8712.0,253.0,1176.0,4175.0,3108.0,446.0
2006 Mar ,819985.0,279370.0,4075.0,141056.0,52980.0,3615.0,31939.0,32483.0,11863.0,1359.0,130021.0,91092.0,21726.0,16227.0,976.0,98576.0,62353.0,36144.0,79.0,63598.0,4865.0,50070.0,1457.0,5396.0,1810.0,8169.0,3620.0,788.0,210.0,482.0,2251.0,818.0,46347.0,8255.0,36044.0,2048.0,124983.0,1500.0,2710.0,1889.0,7748.0,18964.0,2859.0,6014.0,2538.0,2250.0,3057.0,1587.0,4138.0,4614.0,54953.0,10162.0,61275.0,53965.0,6317.0,993.0,7193.0,197.0,678.0,3275.0,3043.0,453.0
2006 Feb ,728158.0,236406.0,3177.0,122336.0,44419.0,2658.0,25592.0,26200.0,10794.0,1230.0,138037.0,96562.0,22743.0,17723.0,1009.0,85584.0,44695.0,40835.0,54.0,51966.0,4459.0,40083.0,1218.0,4610.0,1596.0,4657.0,537.0,1202.0,226.0,329.0,1602.0,761.0,42178.0,7818.0,32611.0,1749.0,114833.0,1569.0,3550.0,1723.0,7646.0,14776.0,2673.0,5862.0,2802.0,2162.0,2498.0,1421.0,4323.0,4245.0,50705.0,8878.0,48706.0,42262.0,5485.0,959.0,5390.0,177.0,671.0,2261.0,2281.0,401.0
2006 Jan ,767908.0,260033.0,3010.0,152123.0,42836.0,3153.0,23133.0,24544.0,9588.0,1646.0,126500.0,81734.0,23587.0,19898.0,1281.0,86071.0,45402.0,40604.0,65.0,55323.0,4551.0,43086.0,974.0,4705.0,2007.0,5530.0,427.0,1024.0,280.0,544.0,2341.0,914.0,43328.0,8896.0,32807.0,1625.0,109806.0,1483.0,2760.0,1680.0,6175.0,12340.0,2563.0,6065.0,2273.0,2760.0,5233.0,1220.0,4365.0,4011.0,45913.0,10965.0,73612.0,63495.0,9035.0,1082.0,7267.0,198.0,822.0,3677.0,2570.0,438.0
2005 Dec ,829483,330019,6863,187847,60523,3814,27934,29744,11837,0.0,0.0,79945,22770,15123,0.0,0.0,50994,32803,0.0,70361,4818,53965,1235,8091,2252,5162,500,0.0,210,453,2213,0.0,44329,8145,34349,0.0,97620,1348,2200,1544,6618,11517,2325,5311,1975,0.0,0.0,1308,3738,3919,42022,0.0,69074,59155,8735,1184,9780,0.0,0.0,0.0,0.0,392
2005 Nov ,786117,306080,3614,173305,61060,3095,28458,24961,10155,0.0,0.0,88704,20552,14094,0.0,0.0,50402,31277,0.0,60848,4551,48170,1163,5140,1824,4887,354,0.0,236,401,2011,0.0,43516,8281,32993,0.0,101876,1658,2398,1487,6375,15300,2405,5996,2123,0.0,0.0,1556,3201,4561,41193,0.0,55547,46304,8340,903,6741,0.0,0.0,0.0,0.0,492
2005 Oct ,745129,273362,3202,141565,46161,2956,31553,37085,9729,0.0,0.0,74501,22996,17754,0.0,0.0,49532,30060,0.0,67805,4883,53562,1457,6037,1866,3884,638,0.0,101,234,1375,0.0,37363,6300,28775,0.0,95228,1384,2485,1461,6029,15114,3021,5575,1849,0.0,0.0,1716,2636,4979,35986,0.0,65480,53289,11096,1095,5853,0.0,0.0,0.0,0.0,496
2005 Sep ,705110,255378,3983,136276,43998,2666,27510,28915,10764,0.0,0.0,67061,23649,15670,0.0,0.0,57085,25572,0.0,57595,4577,43975,1393,5625,2025,6046,896,0.0,411,783,2089,0.0,33273,4882,25977,0.0,80990,1097,2293,1011,5708,12800,2494,4803,1553,0.0,0.0,1457,1697,3590,31655,0.0,74646,60587,12915,1144,6693,0.0,0.0,0.0,0.0,487
2005 Aug ,811099,262695,3220,134727,45880,2903,27093,29772,17920,0.0,0.0,101134,38649,22950,0.0,0.0,61522,42791,0.0,59448,5034,44678,1679,6158,1899,11944,491,0.0,1492,1170,5086,0.0,40185,6723,31816,0.0,99499,1728,2091,762,10103,13070,5048,6112,1379,0.0,0.0,2504,1653,3637,39335,0.0,60588,48381,11235,972,7138,0.0,0.0,0.0,0.0,422
2005 Jul ,877392,325523,3738,192448,44301,3628,25811,31991,22286,0.0,0.0,93889,35295,27702,0.0,0.0,49791,42961,0.0,66286,5687,51155,1854,5665,1925,10861,358,0.0,1129,1263,4942,0.0,44947,6501,36069,0.0,94581,1671,2753,933,8243,11736,2791,6993,2528,0.0,0.0,1809,2208,4386,35875,0.0,76182,60895,14219,1068,7538,0.0,0.0,0.0,0.0,449
2005 Jun ,747475,298052,5248,161399,53485,3361,26305,30260,16788,0.0,0.0,61150,23843,16710,0.0,0.0,43020,32366,0.0,79615,4907,65849,1663,5280,1916,6100,351,0.0,478,669,2504,0.0,39689,4783,33215,0.0,71172,1221,2153,1152,5352,9240,2169,4553,1811,0.0,0.0,1139,2183,2827,27311,0.0,67630,55188,11481,961,6489,0.0,0.0,0.0,0.0,480
2005 May ,709777,270938,3455,135357,47577,3196,34121,33739,12535,0.0,0.0,62872,25187,16019,0.0,0.0,43968,28927,0.0,84214,4042,71892,1175,5315,1790,3895,241,0.0,162,395,1625,0.0,35878,5212,28910,0.0,73285,1134,1755,1028,6113,11798,2011,4783,1284,0.0,0.0,1068,2059,3230,27649,0.0,57682,46175,10440,1067,5759,0.0,0.0,0.0,0.0,480
2005 Apr ,702985,275606,3529,132420,47509,4370,28754,43410,13657,0.0,0.0,68775,23614,16345,0.0,0.0,41599,28923,0.0,60063,4250,44459,1198,8018,2083,3885,167,0.0,173,445,1622,0.0,32283,5023,25776,0.0,87917,1311,1866,1087,6871,12633,1930,4601,1760,0.0,0.0,1023,2592,3732,38553,0.0,55337,44999,9422,899,7205,0.0,0.0,0.0,0.0,437
2005 Mar ,732753,279691,4570,151096,47677,3084,25520,37515,9335,0.0,0.0,52249,31089,15669,0.0,0.0,52225,23476,0.0,55393,4401,43064,1213,5075,1613,6271,2365,0.0,151,344,1792,0.0,41560,6608,33209,0.0,114920,1642,3108,1260,6927,16427,2293,5564,2763,0.0,0.0,1398,3821,4224,53323,0.0,51793,43282,7365,1134,7150,0.0,0.0,0.0,0.0,417
2005 Feb ,627367,221819,2811,120901,40338,2300,18763,26578,9030,0.0,0.0,61601,28713,19104,0.0,0.0,40310,24531,0.0,38492,3100,29091,836,3933,1507,3314,268,0.0,206,250,1142,0.0,36045,6366,28453,0.0,101471,1379,3269,1321,6700,13051,1947,5932,2313,0.0,0.0,1098,3684,4037,46323,0.0,46131,39562,5603,950,4675,0.0,0.0,0.0,0.0,320
2005 Jan ,668334,242557,3626,146228,39478,2498,18149,25070,6590,0.0,0.0,45801,17457,16774,0.0,0.0,48004,20386,0.0,44151,4103,33541,1079,3687,1706,4601,354,0.0,228,586,1661,0.0,41428,8100,31813,0.0,106795,1368,2787,1421,5885,12093,2217,6257,2253,0.0,0.0,1105,4135,3981,47854,0.0,72369,62379,8638,1338,6931,0.0,0.0,0.0,0.0,220
2004 Dec ,801497,318463,7370,186105,57108,2981,21838,32487,9442,0.0,0.0,84369,24381,14030,0.0,0.0,51858,28344,0.0,58843,4418,44409,1146,6732,2138,4695,555,0.0,276,346,1864,0.0,39706,7509,30558,0.0,99681,1459,2225,1380,7053,11276,2051,5259,2198,0.0,0.0,1210,4475,4143,43956,0.0,66111,57216,7627,1268,10004,0.0,0.0,0.0,0.0,27
2004 Nov ,752614,302942,3525,189734,54950,2262,20547,22794,8020,0.0,0.0,88223,19317,12747,0.0,0.0,48066,31623,0.0,53202,3488,41149,996,5854,1715,4311,281,0.0,167,397,1818,0.0,35831,6549,27698,0.0,98523,1396,2400,1277,6332,14881,2371,5778,1962,0.0,0.0,1441,3682,4501,40378,0.0,51243,43188,7110,945,5823,0.0,0.0,0.0,0.0,23
2004 Oct ,696431,259771,3370,137833,43938,2448,23540,39140,8347,0.0,0.0,70449,21884,13840,0.0,0.0,51340,26936,0.0,53981,3693,39645,1212,7799,1632,3486,218,0.0,175,296,1314,0.0,34389,5923,26403,0.0,91368,1342,2252,1113,6354,14064,2243,5566,2124,0.0,0.0,1466,2788,4297,36555,0.0,62395,51439,9855,1101,5789,0.0,0.0,0.0,0.0,13
2004 Sep ,658510,239729,2956,139129,40705,2431,19447,26506,7451,0.0,0.0,62134,19562,13542,0.0,0.0,62264,25956,0.0,48279,3982,35575,1415,5689,1618,5196,548,0.0,566,529,1769,0.0,29532,4456,23229,0.0,76922,1230,1550,864,5532,12195,2229,4855,1532,0.0,0.0,1274,1732,3611,30600,0.0,68584,54696,12758,1130,6005,0.0,0.0,0.0,0.0,22
2004 Aug ,746317,244427,3286,134916,44390,2654,17701,27482,12865,0.0,0.0,90212,30887,19708,0.0,0.0,66617,38602,0.0,48601,4047,35777,1508,5555,1714,13053,434,0.0,2877,1350,5060,0.0,35797,5874,28450,0.0,93826,1529,1435,656,9350,12305,4399,6046,1412,0.0,0.0,2519,1565,3237,37714,0.0,56240,44785,10555,900,6955,0.0,0.0,0.0,0.0,24
2004 Jul ,802890,296310,3667,182352,41668,2532,19861,29903,15149,0.0,0.0,92649,27380,21955,0.0,0.0,56066,35568,0.0,52931,4802,38969,2153,5327,1680,11549,246,0.0,2269,1570,4567,0.0,39844,5662,32016,0.0,89594,1723,2397,609,7753,10837,2574,6569,2361,0.0,0.0,1467,2267,3851,35270,0.0,70755,56404,13378,973,7394,0.0,0.0,0.0,0.0,17
2004 Jun ,687016,270308,4784,154243,47517,2338,20354,27410,12710,0.0,0.0,63014,21679,15181,0.0,0.0,44112,29912,0.0,69656,3809,52647,1416,10083,1701,4999,206,0.0,541,586,1892,0.0,36474,4516,30146,0.0,66000,1124,1815,925,5221,8429,1791,3583,1852,0.0,0.0,1108,2191,2683,26078,0.0,59677,47565,11215,897,5064,0.0,0.0,0.0,0.0,19
2004 May ,660347,243674,3205,128787,45222,3232,25937,29237,7247,0.0,0.0,70021,23922,13963,0.0,0.0,43714,31482,0.0,72775,2991,59626,996,7374,1788,3357,202,0.0,184,399,1254,0.0,32422,4522,26308,0.0,67374,1009,1765,750,5525,9537,1885,3807,1142,0.0,0.0,877,1779,2942,27567,0.0,52318,42088,9285,945,4734,0.0,0.0,0.0,0.0,28
2004 Apr ,653156,245088,3348,126701,41829,3356,25771,35796,6182,0.0,0.0,75068,24158,13484,0.0,0.0,38801,26713,0.0,48171,2952,36001,1033,6524,1661,3679,160,0.0,219,503,1445,0.0,30657,4829,23984,0.0,86655,1442,1949,880,6057,11538,1786,3946,1887,0.0,0.0,1310,3041,3713,39817,0.0,54039,44385,8761,893,5839,0.0,0.0,0.0,0.0,35
2004 Mar ,626350,230047,4033,126500,41179,2190,19951,27951,7338,0.0,0.0,53481,18564,13060,0.0,0.0,53022,25853,0.0,37722,2506,28621,956,4219,1420,5411,1891,0.0,148,415,1376,0.0,35910,5891,28456,0.0,102577,1368,2590,1312,5905,14417,2213,5149,2203,0.0,0.0,1438,3724,3721,47657,0.0,43917,36867,6071,979,6105,0.0,0.0,0.0,0.0,15
2004 Feb ,591565,205906,3351,119369,37077,1680,16601,21433,5576,0.0,0.0,50903,17189,13918,0.0,0.0,43760,29835,0.0,38581,2403,29634,759,4302,1483,4307,336,0.0,352,399,1308,0.0,36811,6286,29171,0.0,102941,1382,2992,1225,7370,12821,2224,5558,2241,0.0,0.0,1338,4336,3914,46809,0.0,42295,35862,5438,995,4371,0.0,0.0,0.0,0.0,15
2004 Jan ,651951,229217,3192,139753,41704,1829,14347,21826,5480,0.0,0.0,79717,22763,17014,0.0,0.0,39191,30255,0.0,37932,2453,29154,721,3746,1858,4194,286,0.0,387,497,1491,0.0,34773,6859,26726,0.0,95320,1122,2375,1066,5433,10068,1898,5283,1968,0.0,0.0,1184,4079,3622,44851,0.0,54839,46724,7010,1105,5793,0.0,0.0,0.0,0.0,36
2003 Dec ,691786,284778,6724,176167,52321,2044,18254,22812,5477,0.0,0.0,71068,21778,12233,0.0,0.0,47021,24125,0.0,48092,2727,36492,914,6073,1886,3892,292,0.0,284,460,1451,0.0,33596,5841,26600,0.0,87778,1337,1832,1169,5432,10142,1932,4964,1880,0.0,0.0,1314,3894,3616,40177,0.0,49135,41892,6081,1162,7544,0.0,0.0,0.0,0.0,25
2003 Nov ,635716,257258,3462,159897,49202,1602,17261,20073,4654,0.0,0.0,67541,18368,12271,0.0,0.0,37630,29059,0.0,38429,2026,30454,715,3867,1367,3386,203,0.0,137,317,1385,0.0,33091,5218,26220,0.0,88866,1571,1712,1299,5740,13257,2050,5358,1635,0.0,0.0,1503,3052,3966,37490,0.0,43983,36461,6625,897,5065,0.0,0.0,0.0,0.0,21
2003 Oct ,586390,218252,3411,116306,43748,1705,18352,29792,4180,0.0,0.0,56700,19234,14982,0.0,0.0,38418,24175,0.0,44156,2579,34556,1038,4518,1465,3027,145,0.0,148,266,1130,0.0,29463,4202,23995,0.0,81049,1768,2064,882,5281,12414,1926,5346,1490,0.0,0.0,1312,2586,3482,33594,0.0,50705,41675,8145,885,5490,0.0,0.0,0.0,0.0,23
2003 Sep ,556871,205538,3748,114193,42631,1730,16008,22090,4086,0.0,0.0,57716,17839,13190,0.0,0.0,47623,20942,0.0,39501,2415,30343,904,4381,1458,3491,296,0.0,311,326,1294,0.0,26864,3548,22092,0.0,67119,1150,1604,755,4256,11026,1529,4147,1329,0.0,0.0,1015,1564,2733,28462,0.0,51598,41637,9043,918,4759,0.0,0.0,0.0,0.0,16
2003 Aug ,602240,211417,4079,113944,39574,1873,18258,27273,5599,0.0,0.0,52847,34391,19466,0.0,0.0,43016,30591,0.0,40246,3317,28782,913,5858,1376,6138,168,0.0,1022,559,2863,0.0,30866,3917,25810,0.0,79477,1459,1793,751,6819,11170,2403,5030,1158,0.0,0.0,2018,1493,2534,34753,0.0,45340,36673,7990,677,7009,0.0,0.0,0.0,0.0,47
2003 Jul ,540914,229552,4043,139956,36568,2146,15959,24007,6053,0.0,0.0,20989,29541,18298,0.0,0.0,28636,25714,0.0,39718,3467,27038,1056,6794,1363,4347,122,0.0,381,236,2415,0.0,26572,3495,22059,0.0,65439,1299,1975,511,5231,8183,1469,5067,1700,0.0,0.0,1164,1790,2439,28032,0.0,46120,37699,7785,636,5073,0.0,0.0,0.0,0.0,13
2003 Jun ,316587,154516,2386,94919,26966,1504,11419,14363,2469,0.0,0.0,8405,16426,5412,0.0,0.0,14051,8477,0.0,27238,1575,19780,707,4279,897,1716,86,0.0,38,93,837,0.0,16045,2185,13192,0.0,35876,597,965,339,2337,4094,668,2925,994,0.0,0.0,323,1056,1217,15840,0.0,25585,20786,4390,409,2380,0.0,0.0,0.0,0.0,5
2003 May ,177808,87217,469,54851,14161,1052,7357,8148,977,0.0,0.0,3994,5510,1283,0.0,0.0,7056,2552,0.0,16574,879,13087,392,1779,437,623,61,0.0,4,30,263,0.0,8200,1395,6422,0.0,27667,386,683,247,1418,3963,271,2299,485,0.0,0.0,200,725,860,12867,0.0,15472,12198,2911,363,1468,0.0,0.0,0.0,0.0,8
2003 Apr ,203562,69341,704,38859,13321,986,7796,6318,1094,0.0,0.0,23002,4808,2531,0.0,0.0,12501,2890,0.0,16562,1071,12756,479,1718,538,870,102,0.0,19,87,406,0.0,7942,1769,5640,0.0,43320,494,1082,362,1483,5927,455,2870,1030,0.0,0.0,333,1561,1283,22130,0.0,17365,13845,3148,372,2228,0.0,0.0,0.0,0.0,4
2003 Mar ,559945,189898,4147,103840,39542,1687,15544,21581,2966,0.0,0.0,54063,16460,11498,0.0,0.0,54497,25186,0.0,33245,1919,25096,796,4044,1390,3734,1315,0.0,116,252,1099,0.0,31344,5792,24352,0.0,95480,1543,2106,1028,6255,14224,2223,5622,2010,0.0,0.0,975,3623,3410,42578,0.0,38399,32276,5280,843,5593,0.0,0.0,0.0,0.0,14
2003 Feb ,613395,186608,3789,100371,40312,1395,15927,19673,4203,0.0,0.0,89704,24563,17940,0.0,0.0,50469,32707,0.0,31717,2059,23730,659,3849,1420,3632,171,0.0,353,500,1238,0.0,32117,6208,24805,0.0,101230,1749,2882,1120,6290,14427,2362,5692,2132,0.0,0.0,1167,3887,3837,44006,0.0,36788,31270,4552,966,4938,0.0,0.0,0.0,0.0,6
2003 Jan ,641734,212722,4190,128385,41067,1807,14438,19668,2657,0.0,0.0,62454,17336,15826,0.0,0.0,53131,34976,0.0,36491,2345,27325,825,4245,1751,3550,128,0.0,361,350,1303,0.0,38609,7685,29475,0.0,104033,1623,2478,1080,5218,12541,3054,6034,2160,0.0,0.0,1203,4249,4068,48040,0.0,55082,46479,7540,1063,6806,0.0,0.0,0.0,0.0,4
2002 Dec ,709616,305966,7053,197159,57267,1844,16609,21870,3493,0.0,0.0,58683,19941,12796,0.0,0.0,60338,24591,0.0,41947,2715,31003,753,5540,1936,4232,223,0.0,243,702,1609,0.0,35602,6593,27644,0.0,91460,1531,1891,1096,4661,10838,2477,5658,1942,0.0,0.0,1062,4113,4071,41326,0.0,45553,38293,6188,1072,7666,0.0,0.0,0.0,0.0,14
2002 Nov ,588742,198261,4599,105571,48399,1696,15188,19006,3075,0.0,0.0,56422,17425,11981,0.0,0.0,54294,28758,0.0,42943,1886,35137,840,3876,1204,2902,154,0.0,88,409,998,0.0,33534,6043,25976,0.0,93824,2025,1896,1136,5202,14924,2418,6358,1693,0.0,0.0,1481,3355,4122,39484,0.0,42643,35907,5964,772,5150,0.0,0.0,0.0,0.0,94
2002 Oct ,638673,215542,5100,117010,44455,1799,16762,25699,3865,0.0,0.0,57693,21025,15730,0.0,0.0,58489,28827,0.0,42851,2470,33223,1157,4480,1521,3498,126,0.0,289,411,1276,0.0,33831,5553,26044,0.0,93996,1716,2228,895,5707,15678,2638,7001,1816,0.0,0.0,1578,3226,3938,37735,0.0,59322,50054,8364,904,6067,0.0,0.0,0.0,0.0,978
2002 Sep ,597453,194205,4529,102876,48193,1775,13613,19413,3087,0.0,0.0,47217,18914,13553,0.0,0.0,77884,21472,0.0,36855,2225,27878,964,4303,1485,3825,221,0.0,411,467,1367,0.0,29671,4514,23507,0.0,82979,1677,1931,687,5038,13281,3017,5825,1445,0.0,0.0,1780,1849,3285,33792,0.0,63998,52309,10730,959,5862,0.0,0.0,0.0,0.0,163
2002 Aug ,671638,194314,6290,105888,40172,2144,13951,21075,4085,0.0,0.0,62699,26513,22147,0.0,0.0,85655,39236,0.0,37597,2746,27263,906,5261,1421,9786,158,0.0,2270,993,3638,0.0,34890,5611,27730,0.0,96355,1948,1977,548,8144,12441,6671,6388,1498,0.0,0.0,2457,1679,3296,37921,0.0,54064,43873,9291,900,6541,0.0,0.0,0.0,0.0,22
2002 Jul ,679574,228393,4915,139889,41200,2052,13947,21246,4519,0.0,0.0,51147,26488,25238,0.0,0.0,66566,32353,0.0,38178,2636,28163,1339,4417,1623,9197,123,0.0,1760,1194,3535,0.0,37825,5771,29790,0.0,89985,2202,2648,622,6598,11440,3560,7351,2552,0.0,0.0,1491,2536,3792,33840,0.0,66260,54252,10875,1133,6649,0.0,0.0,0.0,0.0,86
2002 Jun ,601969,211160,5132,116715,44066,2060,16442,22060,3989,0.0,0.0,41186,22965,17251,0.0,0.0,54892,27519,0.0,48929,2081,40405,1015,3988,1440,4301,148,0.0,473,504,1668,0.0,34847,4175,28614,0.0,69878,1418,1800,1071,4744,9132,2368,4779,1758,0.0,0.0,1054,2195,2649,28193,0.0,59391,48334,10113,944,5965,0.0,0.0,0.0,0.0,2706
2002 May ,606144,204173,4283,99719,49524,1698,21424,24040,2980,0.0,0.0,56486,23490,16570,0.0,0.0,50563,27807,0.0,57402,1932,48463,870,4496,1641,2874,94,0.0,217,296,1215,0.0,32960,4788,26403,0.0,73204,1517,1779,881,5668,11548,2334,5091,1169,0.0,0.0,1366,2119,3423,27613,0.0,54128,45050,8164,914,5139,0.0,0.0,0.0,0.0,895
2002 Apr ,622301,208980,5508,98809,47413,2086,20192,30425,3328,0.0,0.0,63880,21771,17554,0.0,0.0,49149,32704,0.0,38882,1860,28644,794,5820,1764,3613,165,0.0,221,480,1256,0.0,31247,4903,24640,0.0,94599,1728,2050,978,6894,15166,3489,5885,1995,0.0,0.0,1396,3033,3929,38055,0.0,53236,45350,6945,941,6248,0.0,0.0,0.0,0.0,2
2002 Mar ,655151,210994,4517,114203,44116,1768,20245,22804,2704,0.0,0.0,42728,24043,16038,0.0,0.0,68549,38393,0.0,38008,1940,29162,774,4437,1695,4433,937,0.0,251,422,1378,0.0,39216,6751,30479,0.0,115791,2507,2843,1237,6981,17412,3137,6054,2732,0.0,0.0,1621,4179,4480,51015,0.0,49741,42579,6093,1069,6658,0.0,0.0,0.0,0.0,47
2002 Feb ,598861,174226,4090,90150,43635,1367,13668,17579,2987,0.0,0.0,81649,26760,21463,0.0,0.0,49583,30745,0.0,28913,1728,21446,452,3720,1567,4036,77,0.0,459,489,1289,0.0,35554,6408,27918,0.0,100660,1855,2487,1068,7060,13124,2487,5411,2193,0.0,0.0,1023,3807,3973,44836,0.0,40340,34828,4518,994,4302,0.0,0.0,0.0,0.0,149
2002 Jan ,596710,186620,4031,105008,40207,2048,13518,18648,2536,0.0,0.0,50303,16630,18995,0.0,0.0,47447,38613,0.0,35131,3332,24841,705,4351,1902,4231,103,0.0,431,385,1551,0.0,37174,6833,28906,0.0,99089,1617,2175,1098,5454,12520,2141,5847,2024,0.0,0.0,1015,4318,4272,44699,0.0,55393,47549,6857,987,6586,0.0,0.0,0.0,0.0,58
2001 Dec ,670277,286447,6414,183118,55216,1949,16414,20177,2504,0.0,0.0,48080,22124,17709,0.0,0.0,43483,27400,0.0,38940,3939,27429,439,5134,1999,4311,106,0.0,245,720,1767,0.0,35664,6077,28188,0.0,89101,1529,1709,977,4964,11231,1944,5877,1732,0.0,0.0,1058,3666,4235,40163,0.0,48382,41200,6044,1138,7899,0.0,0.0,0.0,0.0,265
2001 Nov ,534049,188091,4418,99740,46272,1622,14599,17845,2929,0.0,0.0,41208,18583,15219,0.0,0.0,32294,29452,0.0,34380,3212,24792,437,4085,1854,2744,83,0.0,133,305,1010,0.0,30508,5347,23970,0.0,90524,2010,1826,1189,5088,14577,1839,5741,1776,0.0,0.0,1136,3242,4162,38748,0.0,44886,38329,5692,865,5580,0.0,0.0,0.0,0.0,38
2001 Oct ,569622,209584,4436,115797,43037,1783,15289,25476,2871,0.0,0.0,42586,19363,14259,0.0,0.0,35970,24125,0.0,37260,3943,25595,1537,4207,1978,3490,478,0.0,189,458,1020,0.0,25313,4786,19271,0.0,90279,1929,2319,1077,4945,15164,2476,6334,1784,0.0,0.0,1200,3152,4561,36163,0.0,60177,50839,8449,889,6641,0.0,0.0,0.0,0.0,18
2001 Sep ,593827,197843,4665,98188,53851,2038,14553,19644,3854,0.0,0.0,34386,20024,15218,0.0,0.0,69850,23526,0.0,40262,3341,27260,3785,4262,1614,5309,675,0.0,437,1288,1442,0.0,28489,4576,22164,0.0,85907,2113,1821,951,4835,13939,2932,6114,1776,0.0,0.0,1414,2231,3675,33716,0.0,64977,53867,10202,908,7447,0.0,0.0,0.0,0.0,23
2001 Aug ,693902,204982,6596,107481,47436,1601,15481,22090,3460,0.0,0.0,51208,28515,21981,0.0,0.0,92508,35899,0.0,40954,3905,25302,4748,5202,1797,16035,566,0.0,3088,6121,3754,0.0,35946,5794,28641,0.0,101454,2427,2170,886,8782,13082,6791,7330,1647,0.0,0.0,2342,2270,3403,39004,0.0,55458,45566,8992,900,7834,0.0,0.0,0.0,0.0,42
2001 Jul ,714944,231046,6083,135816,47020,1754,14460,21522,3618,0.0,0.0,45570,24929,25185,0.0,0.0,76373,34830,0.0,45967,4637,28493,6358,4731,1748,18053,494,0.0,2316,8469,4095,0.0,40804,5682,32865,0.0,94893,2472,2625,928,7441,12761,3514,7987,2747,0.0,0.0,1432,2848,4051,36151,0.0,67844,55458,11376,1010,8608,0.0,0.0,0.0,0.0,119
2001 Jun ,609958,211945,5522,109705,52523,1962,15870,22556,3043,0.0,0.0,31882,23752,19445,0.0,0.0,64582,26914,0.0,50488,3516,36281,4702,4227,1762,6978,504,0.0,471,2502,1770,0.0,38107,4652,31692,0.0,71871,1491,1740,1115,4920,10973,2342,5253,1687,0.0,0.0,911,2595,2840,27897,0.0,56961,46600,9345,1016,6178,0.0,0.0,0.0,0.0,59
2001 May ,605891,207064,4867,99026,53572,1595,19195,25807,2340,0.0,0.0,41999,19806,16381,0.0,0.0,58984,28842,0.0,55214,3346,41233,3991,4826,1818,4200,453,0.0,256,1007,1283,0.0,36595,5475,29411,0.0,75164,1878,1599,912,5746,13585,2294,5347,1178,0.0,0.0,1101,2078,3198,28245,0.0,54300,45091,8321,888,6740,0.0,0.0,0.0,0.0,29
2001 Apr ,613320,201794,6392,94613,45923,2211,21009,27816,2684,0.0,0.0,37542,25816,19756,0.0,0.0,58348,30150,0.0,43395,3033,28454,4173,6058,1677,4358,661,0.0,209,850,1434,0.0,35059,5537,27734,0.0,94147,1793,1973,1075,6434,15126,2316,5334,2117,0.0,0.0,1156,3385,4020,40964,0.0,53570,45145,7561,864,8756,0.0,0.0,0.0,0.0,23
2001 Mar ,665565,207629,4668,110821,47514,1808,17002,22656,2490,0.0,0.0,30320,27025,16438,0.0,0.0,85655,32441,0.0,41279,3504,27300,3861,4970,1644,7614,2526,0.0,469,1440,1647,0.0,44693,7461,35194,0.0,113874,2088,2655,1653,6353,18041,2930,6978,2357,0.0,0.0,1385,4347,4061,49496,0.0,48611,41910,5854,847,7786,0.0,0.0,0.0,0.0,1546
2001 Feb ,592592,176277,4373,94251,40761,1639,14196,18039,2211,0.0,0.0,36157,18442,20078,0.0,0.0,72335,32777,0.0,36440,2859,23975,3688,4370,1548,4212,490,0.0,345,839,1076,0.0,40128,6815,31381,0.0,104960,1950,2796,1777,6564,15611,3338,6395,2360,0.0,0.0,1113,4010,4248,44240,0.0,42547,36260,5227,1060,6135,0.0,0.0,0.0,0.0,1484
2001 Jan ,658216,200220,3830,115824,45594,1713,12562,17330,2629,0.0,0.0,56460,27778,20418,0.0,0.0,65381,32727,0.0,36096,3180,23699,3123,4176,1918,4803,515,0.0,532,1114,1321,0.0,42249,7071,33297,0.0,102458,1740,2198,1583,5384,12891,3023,6299,1977,0.0,0.0,1020,4615,4065,45231,0.0,58769,50416,7220,1133,8385,0.0,0.0,0.0,0.0,1741
2000 Dec ,691639,260088,5877,155309,58491,2677,14887,19493,2389,0.0,0.0,37762,22183,19314,0.0,0.0,73898,28426,0.0,41473,3443,26818,3268,6306,1638,4625,579,0.0,231,994,1471,0.0,40850,6525,32740,0.0,96642,2200,1851,1784,5425,12127,2697,6284,1847,0.0,0.0,1048,4466,4044,41969,0.0,52954,45258,6576,1120,9532,0.0,0.0,0.0,0.0,3204
2000 Nov ,625618,188091,4477,94642,50641,1906,14967,17934,2563,0.0,0.0,32999,21326,17034,0.0,0.0,80889,31169,0.0,41090,3240,27058,3895,5336,1561,4021,538,0.0,216,756,1097,0.0,41877,6681,33171,0.0,104033,2284,2360,1712,6041,16171,3071,7156,1820,0.0,0.0,1421,4358,4511,42316,0.0,50600,42794,6859,947,8156,0.0,0.0,0.0,0.0,3787
2000 Oct ,636185,197577,3958,105711,45592,1704,15216,22009,2541,0.0,0.0,35195,21512,17685,0.0,0.0,73383,28185,0.0,42897,3342,29385,3785,4847,1538,4600,613,0.0,290,1072,1168,0.0,41014,5851,32670,0.0,103453,2425,2552,2172,5840,15791,3254,7781,2203,0.0,0.0,2116,3598,4612,40203,0.0,58158,48281,8837,1040,8342,0.0,0.0,0.0,0.0,3579
2000 Sep ,612708,187575,4545,94625,50267,1655,13683,19266,2584,0.0,0.0,31239,20566,19824,0.0,0.0,89417,23207,0.0,41994,3103,28881,3570,4970,1470,5179,575,0.0,460,1262,1434,0.0,34764,4250,28323,0.0,83964,1951,1808,1135,5064,12813,3329,6372,1678,0.0,0.0,1294,2301,3367,34229,0.0,62655,49341,12237,1077,7297,0.0,0.0,0.0,0.0,4474
2000 Aug ,695965,186800,6658,96891,43952,1822,14168,19311,3227,0.0,0.0,41162,31963,30732,0.0,0.0,101785,34877,0.0,42366,3354,26859,4237,6222,1694,14904,481,0.0,2971,5001,3720,0.0,39201,5884,31776,0.0,102605,2291,1896,1367,8442,13193,7709,7284,1895,0.0,0.0,1925,2229,3575,39598,0.0,53711,44627,8205,879,9017,0.0,0.0,0.0,0.0,5600
2000 Jul ,707413,216845,5448,128207,43423,1669,13936,20357,2978,0.0,0.0,36148,30218,35570,0.0,0.0,84634,32960,0.0,43995,3843,28127,5159,5171,1695,16364,459,0.0,2029,7175,4001,0.0,42133,5430,34455,0.0,92623,2422,2554,942,7282,11990,3438,7986,2707,0.0,0.0,1391,2995,4301,34664,0.0,61102,48583,11535,984,9129,0.0,0.0,0.0,0.0,5033
2000 Jun ,609008,201640,5533,105539,48426,2062,14706,21446,3251,0.0,0.0,30706,22011,26582,0.0,0.0,67977,25318,0.0,51863,3459,38287,3597,5121,1399,7358,430,0.0,451,3122,1670,0.0,39138,4479,32944,0.0,70483,1393,1761,1210,4839,10815,2540,4931,1776,0.0,0.0,977,2757,2995,26517,0.0,51210,41563,8765,882,7508,0.0,0.0,0.0,0.0,6583
2000 May ,595838,190775,4586,91843,48783,1831,18790,21959,2246,0.0,0.0,37934,20822,23635,0.0,0.0,62152,30739,0.0,56557,2997,43879,3199,4939,1543,3747,353,0.0,180,734,1115,0.0,36733,4919,30033,0.0,73074,1445,1442,980,5207,12535,2565,4978,1236,0.0,0.0,866,2409,3547,27903,0.0,46840,38100,7703,1037,7569,0.0,0.0,0.0,0.0,4707
2000 Apr ,636970,208686,5527,100059,47993,1971,19269,29985,2830,0.0,0.0,36511,29308,27737,0.0,0.0,60540,27237,0.0,44475,3035,29317,3293,7335,1495,4099,472,0.0,233,760,1361,0.0,36515,5610,29099,0.0,98348,1929,2006,1638,6714,16067,3143,5492,2230,0.0,0.0,1102,3634,4519,40303,0.0,50352,41391,7992,969,10398,0.0,0.0,0.0,0.0,2198
2000 Mar ,640922,193663,3628,102620,43849,1790,16490,22217,2457,0.0,0.0,30644,21513,22934,0.0,0.0,91844,30682,0.0,35841,3112,23847,2950,4531,1401,6583,1475,0.0,406,1754,1577,0.0,46652,7808,36707,0.0,104919,1881,2366,1620,6592,16300,3137,6453,2343,0.0,0.0,1119,4565,4090,42812,0.0,43922,37471,5390,1061,8769,0.0,0.0,0.0,0.0,2432
2000 Feb ,601281,169471,3538,88342,42072,1525,13111,16981,3073,0.0,0.0,45148,28265,30528,0.0,0.0,71245,28932,0.0,32902,2655,21597,2944,4256,1450,3951,393,0.0,205,680,958,0.0,43103,7412,33919,0.0,103653,1875,2564,1613,7644,15951,3335,6464,2234,0.0,0.0,843,4695,4588,40845,0.0,36296,30932,4447,917,6035,0.0,0.0,0.0,0.0,1120
2000 Jan ,637852,226457,4138,149528,41261,1479,11809,15792,1698,0.0,0.0,38887,16288,19329,0.0,0.0,72131,32621,0.0,33926,3063,22301,2598,4136,1828,5252,441,0.0,549,1441,1445,0.0,41004,6544,29748,0.0,94075,1802,2083,1998,5683,15655,4012,6145,1945,0.0,0.0,1015,4408,4174,33617,0.0,48764,42006,5728,1030,7756,0.0,0.0,0.0,0.0,938
1999 Dec ,616031,228894,7144,131422,52751,1906,13574,19235,2127,0.0,0.0,33475,21639,24967,0.0,0.0,72312,24635,0.0,40854,3374,26705,2951,6077,1747,4470,669,0.0,181,790,1485,0.0,36627,6291,29133,0.0,76941,1625,1534,1628,5349,12329,2361,4928,1580,0.0,0.0,929,3573,3836,27688,0.0,40862,34663,5178,1021,9001,0.0,0.0,0.0,0.0,756
1999 Nov ,594301,174621,4945,91174,43396,1669,13449,16878,2403,0.0,0.0,34123,19639,27071,0.0,0.0,76513,29368,0.0,37550,2886,25938,2718,4517,1491,3917,476,0.0,228,795,1108,0.0,37493,6377,29553,0.0,103272,2036,2027,1837,6913,16364,2872,6191,1960,0.0,0.0,1149,4713,4582,42012,0.0,41676,34352,6288,1036,7575,0.0,0.0,0.0,0.0,886
1999 Oct ,604306,191640,4049,100043,43272,2009,14594,24510,2410,0.0,0.0,26703,21613,21454,0.0,0.0,67930,25851,0.0,40623,3112,28210,2794,4877,1630,4267,501,0.0,232,960,1170,0.0,39488,6179,31212,0.0,101296,2126,2236,1900,6875,16932,3235,6624,1824,0.0,0.0,1222,3641,4980,39333,0.0,54039,44438,8550,1051,8041,0.0,0.0,0.0,0.0,700
1999 Sep ,557649,170396,4366,86055,43747,1725,13296,18338,2166,0.0,0.0,22004,19206,23942,0.0,0.0,83864,17294,0.0,35106,2943,22880,2990,4754,1539,4900,450,0.0,520,1132,1417,0.0,31832,4445,25606,0.0,81907,1641,1784,1046,4886,13483,3425,5491,1325,0.0,0.0,986,2008,3283,34068,0.0,58301,47127,10205,969,7625,0.0,0.0,0.0,0.0,727
1999 Aug ,629991,171427,5150,91673,38867,1641,12806,17500,2856,0.0,0.0,32085,30325,33295,0.0,0.0,94967,23531,0.0,35948,2761,21432,3853,6106,1796,13741,480,0.0,2422,4339,4015,0.0,36354,5495,29348,0.0,98779,1766,1920,992,8530,12825,8601,6125,1622,0.0,0.0,1928,1880,3387,38247,0.0,49045,40588,7625,832,8258,0.0,0.0,0.0,0.0,1198
1999 Jul ,629435,192208,4423,108181,41136,1566,12806,20363,2811,0.0,0.0,32351,28532,36294,0.0,0.0,74359,21775,0.0,38971,3437,23973,4388,5413,1760,15436,362,0.0,1890,7018,3707,0.0,37126,5080,30227,0.0,85904,2083,2822,964,6478,12533,3689,6034,2173,0.0,0.0,1232,2743,4079,31412,0.0,56553,44827,10520,1206,8017,0.0,0.0,0.0,0.0,1287
1999 Jun ,575055,210980,4922,125112,43084,1901,14790,18133,2218,0.0,0.0,24324,19869,28590,0.0,0.0,65468,16872,0.0,41160,2759,28785,3152,4664,1800,6351,403,0.0,301,2654,1562,0.0,39382,4294,32718,0.0,64470,1155,1563,1027,4801,10499,2523,3875,1350,0.0,0.0,1023,2511,2703,24007,0.0,48820,38786,9052,982,6891,0.0,0.0,0.0,0.0,905
1999 May ,558554,218243,4831,122691,48918,1591,16309,21066,2131,0.0,0.0,29293,16900,21435,0.0,0.0,56751,18961,0.0,43892,2416,32145,3042,4698,1591,3555,417,0.0,152,943,1011,0.0,33108,4945,26598,0.0,66616,1335,1572,873,4923,12274,2292,4317,1082,0.0,0.0,844,1909,3307,24425,0.0,42603,34752,6862,989,5892,0.0,0.0,0.0,0.0,838
1999 Apr ,524455,169143,5092,78634,40327,1715,15045,25438,1994,0.0,0.0,29115,21430,24304,0.0,0.0,52417,15332,0.0,36213,2564,22968,2908,6254,1519,3663,417,0.0,213,849,1049,0.0,33082,5801,25897,0.0,87398,1690,2124,1476,6645,15209,2546,4591,1772,0.0,0.0,1476,2835,4084,33589,0.0,42487,35194,6400,893,7963,0.0,0.0,0.0,0.0,1254
1999 Mar ,580426,168475,4189,87192,40066,1656,14478,18413,1839,0.0,0.0,27406,19209,21419,0.0,0.0,84930,16436,0.0,31935,2439,19968,2950,4827,1751,6009,1198,0.0,418,1634,1469,0.0,45739,9431,34533,0.0,103753,1648,2634,1703,6935,18143,3732,5596,2374,0.0,0.0,1311,3966,4807,40521,0.0,45671,39232,5587,852,7785,0.0,0.0,0.0,0.0,1065
1999 Feb ,517554,142582,3560,73732,36404,1387,10169,14539,2168,0.0,0.0,48084,27059,28430,0.0,0.0,61360,14950,0.0,26909,2080,17054,2425,3916,1434,3269,410,0.0,168,640,881,0.0,34895,7021,26527,0.0,88938,1414,2572,1583,6198,13792,3285,5273,2033,0.0,0.0,878,3690,4284,35283,0.0,33643,28788,4029,826,5741,0.0,0.0,0.0,0.0,1007
1999 Jan ,570444,185362,4629,114115,37231,1380,10616,15062,1658,0.0,0.0,33918,14612,26301,0.0,0.0,69791,17221,0.0,28615,2507,18325,2093,3998,1692,4870,383,0.0,412,1355,1370,0.0,39126,7170,30107,0.0,90719,1438,2441,1741,5516,13473,5253,5620,1984,0.0,0.0,931,4617,4513,30889,0.0,50798,43320,6361,1117,7368,0.0,0.0,0.0,0.0,1332
1998 Dec ,572910,192539,8954,100071,48264,1856,11681,18993,2051,0.0,0.0,30831,21692,27721,0.0,0.0,75193,13035,0.0,34676,2701,21321,2794,6192,1668,4339,470,0.0,202,933,1447,0.0,37756,6877,29493,0.0,82620,1558,2053,1555,5878,11752,3023,5405,1734,0.0,0.0,914,4147,4246,30812,0.0,42137,35602,5467,1068,8943,0.0,0.0,0.0,0.0,875
1998 Nov ,506970,147160,5165,73958,38597,1265,11423,14128,2048,0.0,0.0,27121,17287,26326,0.0,0.0,64603,13125,0.0,29402,2325,18623,2554,4411,1489,3696,396,0.0,218,982,972,0.0,39173,7252,30509,0.0,89770,1815,2265,1542,5653,15685,2948,5453,1823,0.0,0.0,1174,3789,5207,32575,0.0,40769,34034,5817,918,7123,0.0,0.0,0.0,0.0,1043
1998 Oct ,498695,147799,3929,73537,38392,1564,11221,16628,1874,0.0,0.0,22143,21358,22512,0.0,0.0,58112,11286,0.0,33834,2570,22960,2544,4347,1413,3965,538,0.0,232,1017,992,0.0,34391,5478,27087,0.0,85173,1614,2244,1419,5315,15213,3127,5371,1934,0.0,0.0,1088,3265,4814,31285,0.0,49893,41035,7814,1044,6554,0.0,0.0,0.0,0.0,1052
1998 Sep ,482654,139977,4055,63871,43272,1390,10863,14238,1715,0.0,0.0,18523,17543,21404,0.0,0.0,80645,8791,0.0,31034,2667,19889,2429,4436,1613,4848,659,0.0,495,1111,1304,0.0,29131,4306,23019,0.0,72520,1422,1642,1019,4696,13437,3151,4457,1352,0.0,0.0,860,1814,3244,27971,0.0,50332,39610,9830,892,6101,0.0,0.0,0.0,0.0,1282
1998 Aug ,569901,148730,3717,76256,38710,1477,11293,14463,2212,0.0,0.0,30923,30615,37063,0.0,0.0,90011,10073,0.0,31455,3068,18431,3123,5276,1557,12510,529,0.0,1713,4534,3746,0.0,32299,4809,26333,0.0,91502,1901,1693,839,8982,13756,6950,5265,1406,0.0,0.0,1681,2124,3295,33194,0.0,45119,36162,8134,823,7239,0.0,0.0,0.0,0.0,1067
1998 Jul ,556870,155994,5133,79119,41413,1369,11130,15094,1928,0.0,0.0,30318,26338,32648,0.0,0.0,85403,8611,0.0,33567,3334,20872,3688,4265,1408,13031,391,0.0,1582,5303,3659,0.0,34541,4789,28157,0.0,76823,1934,2126,887,6512,11019,3384,5669,1915,0.0,0.0,1056,2543,4264,26971,0.0,51009,40049,9849,1111,6896,0.0,0.0,0.0,0.0,1057
1998 Jun ,487361,156771,4713,77611,43702,1485,12061,14562,2021,0.0,0.0,20735,21328,33537,0.0,0.0,65582,6441,0.0,34740,3061,23374,3182,3634,1489,4554,461,0.0,285,1186,1288,0.0,33809,3965,28239,0.0,60369,1241,1511,989,4639,9134,2482,3668,1398,0.0,0.0,672,2248,2493,22208,0.0,42634,34608,7116,910,5534,0.0,0.0,0.0,0.0,586
1998 May ,548506,212356,4971,121760,49151,1777,14987,17320,1708,0.0,0.0,23233,19515,30579,0.0,0.0,56948,6294,0.0,39796,3657,27516,3085,3946,1592,3423,492,0.0,188,703,875,0.0,36737,4770,30196,0.0,70838,1402,1773,1214,6309,11978,2812,4798,1249,0.0,0.0,941,2321,3336,25235,0.0,42395,34649,6875,871,5187,0.0,0.0,0.0,0.0,614
1998 Apr ,491496,146836,4981,59552,44793,1813,14996,17979,1850,0.0,0.0,20174,28389,27173,0.0,0.0,54096,5797,0.0,31795,3446,19397,2445,5080,1427,5087,744,0.0,347,1685,1207,0.0,33426,4725,27264,0.0,89544,1910,2268,1297,7338,16371,2977,4619,2109,0.0,0.0,1056,2779,4529,32177,0.0,40960,33725,6505,730,7114,0.0,0.0,0.0,0.0,630
1998 Mar ,519496,146330,5660,63396,44830,1773,12981,15029,1884,0.0,0.0,21438,24235,25321,0.0,0.0,80598,5479,0.0,30466,4041,17510,3051,4215,1649,5571,2100,0.0,184,993,1115,0.0,40269,5930,33056,0.0,93584,2322,2747,1571,6780,15249,3541,5054,2104,0.0,0.0,1015,3552,4311,34719,0.0,38386,33050,4488,848,6457,0.0,0.0,0.0,0.0,968
1998 Feb ,497566,141530,3949,64388,45077,1392,11310,13390,1435,0.0,0.0,23345,21957,41068,0.0,0.0,64790,4902,0.0,28803,3710,16694,3295,3589,1515,4564,888,0.0,281,990,822,0.0,37383,5380,30432,0.0,88791,1490,2465,1544,7865,13531,3148,5190,2249,0.0,0.0,968,3786,4198,32740,0.0,33727,28867,4069,791,5158,0.0,0.0,0.0,0.0,944
1998 Jan ,509727,151594,4243,76199,43368,1301,11731,12183,1947,0.0,0.0,24498,22846,37008,0.0,0.0,67732,5425,0.0,27768,2556,17096,2677,3727,1712,3966,671,0.0,228,910,850,0.0,36509,5985,28848,0.0,81205,1551,1991,1668,5707,12081,3253,5124,2053,0.0,0.0,755,4169,4317,28052,0.0,42413,35837,5610,966,6833,0.0,0.0,0.0,0.0,1196
1997 Dec ,576242,207133,8498,102105,60839,2923,14552,15247,2262,0.0,0.0,20918,25219,33381,0.0,0.0,81950,10230,0.0,34032,4565,18699,3679,5365,1724,4280,743,0.0,270,891,1138,0.0,36378,5831,29196,0.0,74957,1519,1814,1547,5439,11395,2663,4981,1709,0.0,0.0,810,3646,4331,25475,0.0,37478,30760,5628,1090,8242,0.0,0.0,0.0,0.0,1313
1997 Nov ,535236,176606,5331,86661,52918,2595,13791,12736,1903,0.0,0.0,18598,17991,26745,0.0,0.0,80014,18583,0.0,31024,4402,17872,3109,3953,1688,3735,704,0.0,201,735,859,0.0,38558,5462,31604,0.0,80962,1775,2087,1846,5277,13160,2833,5057,2006,0.0,0.0,1184,3399,4596,28772,0.0,35071,29428,4724,919,5677,0.0,0.0,0.0,0.0,1229
1997 Oct ,495322,166895,3845,79811,51022,2507,13337,13863,1876,0.0,0.0,16586,14155,24198,0.0,0.0,65169,13624,0.0,33984,4697,20540,3296,3733,1718,3585,760,0.0,213,617,730,0.0,35126,4110,29011,0.0,74711,1936,1856,1346,5362,12420,2837,5155,1928,0.0,0.0,1115,3035,3883,25982,0.0,40108,33473,5700,935,5566,0.0,0.0,0.0,0.0,1208
1997 Sep ,564369,179704,4315,85196,58419,2414,13253,13398,1996,0.0,0.0,14094,18212,37371,0.0,0.0,98260,17260,0.0,31369,4561,17761,3445,3949,1653,4531,768,0.0,309,922,1045,0.0,33813,3847,27835,0.0,75653,1857,1941,1141,5952,13194,3700,5505,1611,0.0,0.0,1168,2242,3935,25188,0.0,45997,38277,6940,780,5930,0.0,0.0,0.0,0.0,1528
1997 Aug ,645090,181242,6119,91044,52493,2306,12757,13662,2203,0.0,0.0,20025,34052,48729,0.0,0.0,109875,32187,0.0,33694,4653,19021,3851,4501,1668,9918,1039,0.0,1187,3030,2764,0.0,36024,5261,29273,0.0,89468,2161,2044,1043,8854,13719,7193,5668,1897,0.0,0.0,2263,2035,3729,28989,0.0,40598,32763,6999,836,5906,0.0,0.0,0.0,0.0,1831
1997 Jul ,692050,241854,5896,143679,56137,2257,13902,17195,2162,0.0,0.0,15101,24406,59691,0.0,0.0,103095,26850,0.0,35634,5328,20394,4495,3784,1633,10045,831,0.0,919,3320,2738,0.0,38371,5077,31365,0.0,81638,2307,2689,795,7456,12199,3692,6677,2547,0.0,0.0,1323,2851,4626,25651,0.0,45910,37140,7799,971,6263,0.0,0.0,0.0,0.0,2337
1997 Jun ,607848,210695,4842,111073,59035,2605,13033,17245,2153,0.0,0.0,19459,19497,51044,0.0,0.0,88117,19279,0.0,35839,4834,21988,3833,3573,1611,4751,713,0.0,374,879,1292,0.0,40749,4595,33941,0.0,69681,1621,2243,1325,5610,11112,3154,4570,1662,0.0,0.0,1073,3203,3554,21880,0.0,41234,33361,7013,860,4907,0.0,0.0,0.0,0.0,1765
1997 May ,582119,197912,5509,83521,65487,2582,16418,22094,1649,0.0,0.0,27195,18489,44301,0.0,0.0,74525,20632,0.0,38873,4380,25832,3301,3801,1559,3413,676,0.0,193,637,772,0.0,37590,4722,30916,0.0,74909,1594,1951,1208,5886,14618,2937,4790,1363,0.0,0.0,1014,2654,4146,24766,0.0,37070,30443,5699,928,4823,0.0,0.0,0.0,0.0,1744
1997 Apr ,595444,202578,3969,88338,59677,2640,15666,29631,1823,0.0,0.0,20813,19824,44600,0.0,0.0,81059,19877,0.0,30966,3948,18352,2953,4333,1380,4815,690,0.0,329,1439,1115,0.0,38891,4960,32040,0.0,89875,1685,2324,1460,6705,18185,2929,4996,1821,0.0,0.0,981,3258,5092,30933,0.0,33681,26843,6013,825,5762,0.0,0.0,0.0,0.0,2058
1997 Mar ,657483,190249,3739,90223,54780,2378,16024,20685,1792,0.0,0.0,19995,26423,42163,0.0,0.0,115936,37501,0.0,30205,4232,17075,3804,3691,1403,5380,1946,0.0,263,922,997,0.0,44080,6372,36114,0.0,102370,1818,2831,1871,6319,19555,3147,5417,2433,0.0,0.0,1077,4091,5224,37596,0.0,35732,29883,5005,844,6657,0.0,0.0,0.0,0.0,72
1997 Feb ,634403,219824,4350,122961,60067,1925,10946,17079,1976,0.0,0.0,20102,30591,54677,0.0,0.0,94814,30742,0.0,22798,3234,13001,2307,2901,1355,3959,673,0.0,336,945,860,0.0,37918,5934,30436,0.0,85071,1966,2689,1645,5259,15246,2679,4880,2029,0.0,0.0,827,3868,4762,29078,0.0,28286,24058,3441,787,4156,0.0,0.0,0.0,0.0,73
1997 Jan ,612265,176468,4741,86930,51168,2102,11778,17482,1709,0.0,0.0,22226,15974,32880,0.0,0.0,101222,51670,0.0,27797,3755,16077,2701,3553,1711,3739,787,0.0,161,661,893,0.0,42937,6356,34682,0.0,88244,1751,2372,1795,5483,14742,3671,5456,2131,0.0,0.0,762,4935,5102,28846,0.0,41667,35033,5411,1223,6728,0.0,0.0,0.0,0.0,67
1996 Dec ,677653,253248,9864,123879,76733,0,14619,23054,2160,0.0,0.0,22526,23599,38958,0.0,0.0,104291,33228,0.0,30410,3930,16593,3475,4918,1494,4604,763,0.0,363,1035,1190,0.0,37426,5851,30199,0.0,83373,2050,1958,1665,5905,14097,3065,5132,1899,0.0,0.0,903,4074,5706,26594,0.0,36191,29556,5495,1140,8880,0.0,0.0,0.0,0.0,27
1996 Nov ,599164,181580,5083,82048,60006,0,13209,16730,1907,0.0,0.0,21241,19259,40827,0.0,0.0,98198,27947,0.0,29082,3967,17083,2997,3635,1400,3662,601,0.0,265,749,869,0.0,40889,6133,32954,0.0,95445,1689,2412,1955,5716,18668,3225,5696,2228,0.0,0.0,1409,4086,6583,30458,0.0,34349,28433,4957,959,5969,0.0,0.0,0.0,0.0,18
1996 Oct ,600917,190942,4079,86438,56312,0,13157,26526,1825,0.0,0.0,18084,21742,38828,0.0,0.0,88760,25995,0.0,31021,3766,18674,3487,3562,1532,4223,819,0.0,208,870,944,0.0,40431,5323,32914,0.0,92631,1858,2473,1267,5959,19584,3265,6135,1822,0.0,0.0,1427,3448,6326,29589,0.0,40717,34093,5577,1047,6875,0.0,0.0,0.0,0.0,13
1996 Sep ,548876,165840,4597,75232,52026,0,12566,16500,2350,0.0,0.0,15127,18581,34036,0.0,0.0,103706,19266,0.0,27818,3320,15872,3493,3575,1558,5000,784,0.0,243,1421,1216,0.0,33599,4011,27605,0.0,77274,1692,1894,976,5680,15133,3482,5786,1621,0.0,0.0,1049,2212,4418,25320,0.0,41284,33247,7181,856,6736,0.0,0.0,0.0,0.0,18
1996 Aug ,655073,181816,6245,82822,56621,0,11997,19165,2126,0.0,0.0,17662,37623,57162,0.0,0.0,114635,37145,0.0,29106,3626,16020,4038,3744,1678,11366,904,0.0,685,4568,3235,0.0,36242,5544,29037,0.0,88666,1918,2026,830,8287,13530,6692,5781,1605,0.0,0.0,1995,1957,4140,28483,0.0,35705,28349,6544,812,6389,0.0,0.0,0.0,0.0,18
1996 Jul ,651103,207700,5358,110503,55219,0,11684,20151,1954,0.0,0.0,17949,28195,55703,0.0,0.0,99010,31934,0.0,32226,3848,17268,5458,3896,1756,9520,659,0.0,625,3012,3246,0.0,38675,5535,31229,0.0,81726,1999,2893,867,6956,12833,3723,6749,2316,0.0,0.0,1551,2592,5086,24253,0.0,41278,33270,7046,962,6512,0.0,0.0,0.0,0.0,14
1996 Jun ,586963,211415,4543,106646,64730,0,11724,18922,1969,0.0,0.0,11006,24476,42114,0.0,0.0,91658,22244,0.0,33300,3213,20141,4480,3697,1769,4147,744,0.0,292,706,1102,0.0,38078,4571,32088,0.0,65254,1319,2055,1018,5188,10746,2730,4760,1765,0.0,0.0,972,2262,3953,20122,0.0,37040,29769,6303,968,5407,0.0,0.0,0.0,0.0,10
1996 May ,551828,181451,5266,72856,60156,0,14858,23901,1681,0.0,0.0,26045,18752,40295,0.0,0.0,78901,27975,0.0,33321,3064,21722,3381,3700,1454,3285,638,0.0,226,708,787,0.0,34504,4341,28492,0.0,68934,1295,1625,985,5859,13524,2844,4861,1297,0.0,0.0,1073,1925,4435,20758,0.0,32102,25775,5325,1002,5698,0.0,0.0,0.0,0.0,29
1996 Apr ,584109,186460,4063,73102,57477,0,15889,31643,1467,0.0,0.0,18288,26255,46446,0.0,0.0,80078,26761,0.0,31747,3514,17905,3903,4996,1429,4787,684,0.0,383,1325,1260,0.0,36410,4828,30082,0.0,86351,1712,2074,1344,7645,17526,2646,5213,1936,0.0,0.0,1075,3057,5266,27421,0.0,32236,25767,5551,918,7386,0.0,0.0,0.0,0.0,25
1996 Mar ,641447,176826,4290,75483,55908,0,13487,23085,1605,0.0,0.0,20888,21981,42580,0.0,0.0,122188,42380,0.0,29057,3684,15635,4249,4034,1455,5080,1687,0.0,281,832,1081,0.0,43187,6922,34876,0.0,94743,1734,2649,1439,7025,21450,3324,5662,2417,0.0,0.0,1111,3927,5195,29122,0.0,34820,28934,4881,1005,6954,0.0,0.0,0.0,0.0,23
1996 Feb ,595491,191403,5207,98406,57795,0,10397,15892,1345,0.0,0.0,18351,32198,55018,0.0,0.0,84686,32462,0.0,22587,2860,12537,2799,3003,1388,3769,592,0.0,471,825,693,0.0,38434,6215,30853,0.0,84863,1513,2229,1407,7467,17082,3041,5019,2147,0.0,0.0,863,3638,4789,25563,0.0,25929,21396,3645,888,4445,0.0,0.0,0.0,0.0,40
1996 Jan ,599742,159993,4600,75854,47953,0,10594,16996,1536,0.0,0.0,19510,15868,36473,0.0,0.0,105750,57136,0.0,27820,3685,14707,4171,3638,1619,3925,785,0.0,150,852,879,0.0,41596,6300,33675,0.0,83409,1375,2221,1361,4986,16463,3862,5276,1844,0.0,0.0,946,4341,4755,24826,0.0,39391,33004,5216,1171,8365,0.0,0.0,0.0,0.0,27
1995 Dec ,625206,219531,0,0,0,0,0,0,1669,0.0,0.0,21046,24726,35991,0.0,0.0,97791,33834,0.0,32200,4252,16662,4219,5366,1701,4553,727,0.0,267,1220,1101,0.0,36460,5905,29580,0.0,73058,1324,1947,1223,5189,12860,3087,4961,1596,0.0,0.0,974,3618,4419,22325,0.0,35030,28681,5225,1124,9880,0.0,0.0,0.0,0.0,45
1995 Nov ,589339,185071,0,0,0,0,0,0,1658,0.0,0.0,19924,19353,32443,0.0,0.0,103551,27753,0.0,29815,3989,14733,5380,4078,1635,3736,641,0.0,226,837,958,0.0,36590,5572,29697,0.0,88167,1625,2178,1709,5697,18290,3284,5907,1824,0.0,0.0,1228,3986,5646,26406,0.0,34965,29211,4598,1156,7199,0.0,0.0,0.0,0.0,22
1995 Oct ,588420,186306,0,0,0,0,0,0,1731,0.0,0.0,17825,18301,40464,0.0,0.0,87540,23076,0.0,31614,4475,16989,4778,3699,1673,4604,802,0.0,262,845,1000,0.0,39918,4974,33019,0.0,91097,2002,2003,1180,6928,19090,3727,6779,1917,0.0,0.0,1379,3049,5531,27956,0.0,39961,33453,5428,1080,7153,0.0,0.0,0.0,0.0,32
1995 Sep ,583492,170358,0,0,0,0,0,0,1640,0.0,0.0,15175,18148,45343,0.0,0.0,111098,19773,0.0,31302,4224,16753,4467,3767,2091,6414,940,0.0,307,2108,1245,0.0,32159,3770,26413,0.0,82938,1695,1910,998,5623,17604,4284,6941,1622,0.0,0.0,1545,2186,4424,24756,0.0,43040,34508,7381,1151,7163,0.0,0.0,0.0,0.0,31
1995 Aug ,688445,182918,0,0,0,0,0,0,1801,0.0,0.0,16538,37377,69253,0.0,0.0,133274,39068,0.0,31023,4325,15031,4881,4813,1973,10898,889,0.0,514,4520,2775,0.0,33620,5161,26901,0.0,90957,1925,2015,788,8539,14663,8262,6889,1539,0.0,0.0,1955,1747,3907,27889,0.0,35443,27811,6666,966,6973,0.0,0.0,0.0,0.0,36
1995 Jul ,676075,205774,0,0,0,0,0,0,1609,0.0,0.0,16714,29689,73752,0.0,0.0,108994,29491,0.0,33190,4510,16218,6371,3943,2148,8628,806,0.0,425,2631,2610,0.0,37385,5385,29992,0.0,83508,2307,2833,905,7183,14534,4886,8024,2093,0.0,0.0,1678,2288,4956,23153,0.0,41156,33448,6447,1261,7087,0.0,0.0,0.0,0.0,24
1995 Jun ,549326,189571,0,0,0,0,0,0,1579,0.0,0.0,15444,20316,44205,0.0,0.0,93032,16830,0.0,30633,3415,17585,4313,3493,1827,4371,674,0.0,330,881,1281,0.0,35002,4167,29147,0.0,60167,1167,1909,784,4732,11500,2919,4983,1546,0.0,0.0,1178,2010,2812,17860,0.0,33674,27060,5552,1062,5622,0.0,0.0,0.0,0.0,27
1995 May ,535270,183787,0,0,0,0,0,0,1467,0.0,0.0,18504,17561,34425,0.0,0.0,83667,19977,0.0,31745,3048,20001,3329,3681,1686,4495,771,0.0,259,1223,1073,0.0,34142,4596,27649,0.0,66970,1347,1559,919,6148,13115,3213,5290,1317,0.0,0.0,1084,1543,3641,19662,0.0,33516,26309,6192,1015,6059,0.0,0.0,0.0,0.0,23
1995 Apr ,548881,177475,0,0,0,0,0,0,1382,0.0,0.0,16343,26795,48125,0.0,0.0,71601,20974,0.0,29273,3328,15414,3760,5106,1665,4102,790,0.0,192,939,1061,0.0,31119,4604,25322,0.0,82038,1454,2223,995,6351,18473,2697,5045,1866,0.0,0.0,1109,2762,4500,25412,0.0,32257,26000,5208,1049,8242,0.0,0.0,0.0,0.0,14
1995 Mar ,619688,206778,0,0,0,0,0,0,1340,0.0,0.0,17417,18362,37507,0.0,0.0,111035,32902,0.0,25455,3148,13430,3609,3767,1501,5689,1522,0.0,278,1238,1417,0.0,39140,6210,31758,0.0,86797,1347,2335,1176,6172,18645,3536,5443,1706,0.0,0.0,1354,3792,4467,26669,0.0,31107,25574,4395,1138,7011,0.0,0.0,0.0,0.0,30
1995 Feb ,556744,155700,0,0,0,0,0,0,974,0.0,0.0,13318,29260,64140,0.0,0.0,85093,37299,0.0,23262,3146,12606,2503,3416,1591,3505,651,0.0,143,736,861,0.0,33689,5525,27038,0.0,78451,1306,2137,1315,6200,15470,3277,4866,1853,0.0,0.0,1170,3672,4774,23222,0.0,27046,22190,3654,1202,5290,0.0,0.0,0.0,0.0,30
1995 Jan ,575652,164263,0,0,0,0,0,0,1141,0.0,0.0,13705,19903,37639,0.0,0.0,92230,49998,0.0,25364,3232,13072,3449,3658,1953,5147,835,0.0,339,1553,1126,0.0,36483,6000,28996,0.0,81649,1406,2138,1190,5869,15986,3773,5460,1658,0.0,0.0,964,3901,5213,23360,0.0,39401,32518,5451,1432,9252,0.0,0.0,0.0,0.0,26
1994 Dec ,621277,219654,0,0,0,0,0,0,1462,0.0,0.0,18577,24375,39366,0.0,0.0,94400,30443,0.0,29682,3750,14905,3960,5369,1698,4877,757,0.0,290,1257,1284,0.0,35206,6042,28183,0.0,76816,1534,1597,1181,5046,13118,3411,5604,1756,0.0,0.0,1072,3716,4956,23633,0.0,36961,30129,5176,1656,10381,0.0,0.0,0.0,0.0,32
1994 Nov ,569103,183808,0,0,0,0,0,0,1091,0.0,0.0,20308,17980,32974,0.0,0.0,93271,22825,0.0,24903,3281,12673,3643,3829,1477,4461,720,0.0,276,1105,1063,0.0,36027,6558,28156,0.0,92727,2219,1893,1473,6222,20155,3978,5849,1739,0.0,0.0,1636,4302,6427,25957,0.0,31528,25270,4955,1303,7879,0.0,0.0,0.0,0.0,29
1994 Oct ,564144,179930,0,0,0,0,0,0,1392,0.0,0.0,17561,17546,40352,0.0,0.0,81115,17392,0.0,26030,3397,13413,3431,4108,1681,4368,708,0.0,232,1116,1039,0.0,36800,5159,29385,0.0,94528,2022,2098,1063,6869,19330,4468,7567,1983,0.0,0.0,2045,3260,6095,28246,0.0,38385,30986,6094,1305,9669,0.0,0.0,0.0,0.0,21
1994 Sep ,551510,163644,0,0,0,0,0,0,1297,0.0,0.0,13971,17766,40817,0.0,0.0,104928,18023,0.0,25159,2721,14002,3005,3844,1587,6216,771,0.0,332,2095,1401,0.0,30565,3744,24680,0.0,79981,1670,1818,938,5783,15116,4606,7729,1375,0.0,0.0,1816,1984,4153,24635,0.0,41595,33102,7019,1474,8227,0.0,0.0,0.0,0.0,27
1994 Aug ,664329,184457,0,0,0,0,0,0,1293,0.0,0.0,14910,37265,65536,0.0,0.0,117169,32319,0.0,25938,2951,14024,3510,3871,1582,10416,604,0.0,505,4294,2829,0.0,36102,4873,29534,0.0,95020,2029,1619,723,8814,14334,9489,7375,1607,0.0,0.0,2718,1913,4162,28642,0.0,35737,27014,7112,1611,8370,0.0,0.0,0.0,0.0,45
1994 Jul ,642768,206361,0,0,0,0,0,0,1315,0.0,0.0,14332,28985,63355,0.0,0.0,90550,24121,0.0,27505,2776,14677,4562,3923,1567,8928,626,0.0,408,2621,2915,0.0,36732,5128,29755,0.0,88543,2587,2628,719,7194,14992,4941,8635,2410,0.0,0.0,1818,3172,5129,24964,0.0,43459,35183,6441,1835,9268,0.0,0.0,0.0,0.0,39
1994 Jun ,531476,196609,0,0,0,0,0,0,1134,0.0,0.0,11915,22411,35557,0.0,0.0,81871,16201,0.0,27031,2554,16498,3139,3419,1421,4267,576,0.0,286,908,1362,0.0,32334,4107,26603,0.0,59769,1187,1829,710,4457,10157,3339,4501,1298,0.0,0.0,882,2250,3014,18610,0.0,36142,28987,5729,1426,6622,0.0,0.0,0.0,0.0,28
1994 May ,509545,168934,0,0,0,0,0,0,1057,0.0,0.0,13115,16741,31167,0.0,0.0,82701,20564,0.0,28104,2286,17801,2769,3842,1406,4926,740,0.0,202,1783,1037,0.0,33925,4312,27787,0.0,68832,1404,1468,847,6057,13429,3297,5058,1002,0.0,0.0,1437,1852,4111,20993,0.0,33930,25648,6975,1307,6117,0.0,0.0,0.0,0.0,51
1994 Apr ,540643,172064,0,0,0,0,0,0,1068,0.0,0.0,11653,22520,45257,0.0,0.0,73250,20376,0.0,26677,2649,15167,2867,4719,1275,4569,762,0.0,263,1117,1117,0.0,33037,5143,26579,0.0,86704,1692,1755,1181,7730,18112,3081,5353,1711,0.0,0.0,1051,3340,5301,26652,0.0,34628,27895,5453,1280,9369,0.0,0.0,0.0,0.0,61
1994 Mar ,626918,204339,0,0,0,0,0,0,1015,0.0,0.0,10806,19868,35768,0.0,0.0,117167,25732,0.0,23302,2703,13013,2649,3648,1289,6095,1424,0.0,336,1717,1294,0.0,42266,7001,33940,0.0,98464,2155,2425,1144,6345,22763,3793,6224,2097,0.0,0.0,1440,4711,5521,28911,0.0,33564,27478,4849,1237,8913,0.0,0.0,0.0,0.0,81
1994 Feb ,527574,145147,0,0,0,0,0,0,704,0.0,0.0,6527,31899,51698,0.0,0.0,87097,22815,0.0,22727,2504,13354,2216,3357,1296,4127,707,0.0,288,955,814,0.0,36775,6433,29311,0.0,84385,1377,2154,955,6450,16727,3758,5380,1651,0.0,0.0,1106,3903,4995,25933,0.0,28198,22977,3748,1473,5640,0.0,0.0,0.0,0.0,44
1994 Jan ,549022,159746,0,0,0,0,0,0,974,0.0,0.0,11211,13416,28932,0.0,0.0,85710,38715,0.0,25286,2576,14270,3078,3602,1760,6235,779,0.0,575,2174,1143,0.0,38232,6998,29765,0.0,90751,1752,2096,1209,6231,17747,5369,6637,1730,0.0,0.0,923,4729,6254,24808,0.0,40092,32693,5500,1899,10237,0.0,0.0,0.0,0.0,41
1993 Dec ,593419,210028,0,0,0,0,0,0,1037,0.0,0.0,12130,21686,34055,0.0,0.0,92617,21664,0.0,27290,2636,14851,2912,5232,1659,5117,796,0.0,290,1403,1200,0.0,35687,6331,28282,0.0,82276,1474,1702,1069,5729,15111,4231,5999,1649,0.0,0.0,1239,4092,5904,23524,0.0,38916,31296,5628,1992,11250,0.0,0.0,0.0,0.0,47
1993 Nov ,537176,173347,0,0,0,0,0,0,938,0.0,0.0,12734,16274,29831,0.0,0.0,81683,17896,0.0,25149,3230,14016,2994,3597,1312,4316,702,0.0,198,1271,864,0.0,35032,6264,27486,0.0,97828,1812,1727,1180,8777,20560,4795,6350,1811,0.0,0.0,1637,4178,6439,27925,0.0,34356,28181,4616,1559,8150,0.0,0.0,0.0,0.0,50
1993 Oct ,533969,167773,0,0,0,0,0,0,994,0.0,0.0,14316,16712,31468,0.0,0.0,75969,14992,0.0,28112,3767,15807,3084,3892,1562,4974,798,0.0,167,1259,968,0.0,34852,5439,27099,0.0,94602,1979,1718,1188,6217,19718,5300,8081,1668,0.0,0.0,1486,3285,6395,27773,0.0,40108,33262,5301,1545,9500,0.0,0.0,0.0,0.0,56
1993 Sep ,504648,142333,0,0,0,0,0,0,729,0.0,0.0,18002,15291,28854,0.0,0.0,95410,11323,0.0,26601,3590,15212,2590,3889,1320,6337,1227,0.0,204,2259,1178,0.0,28917,4130,22460,0.0,78823,1652,1531,802,5730,14047,5754,7272,1391,0.0,0.0,1431,1980,4517,24139,0.0,43259,34936,6693,1630,8967,0.0,0.0,0.0,0.0,96
1993 Aug ,608843,166256,0,0,0,0,0,0,888,0.0,0.0,19947,32159,50103,0.0,0.0,108485,21098,0.0,26880,3671,13926,3200,4781,1302,10602,1031,0.0,393,4338,2720,0.0,30214,4840,23945,0.0,98344,2016,1671,594,9678,14210,12293,8336,1515,0.0,0.0,2847,2126,4532,27908,0.0,35394,27251,6674,1469,8350,0.0,0.0,0.0,0.0,45
1993 Jul ,583347,168156,0,0,0,0,0,0,799,0.0,0.0,22538,26968,52990,0.0,0.0,86816,17573,0.0,29243,3848,15805,4041,3958,1591,8541,749,0.0,315,2584,2977,0.0,33770,5060,26566,0.0,85602,2418,2146,678,7267,14408,6213,9448,1976,0.0,0.0,1748,2857,5533,22916,0.0,42250,34564,5944,1742,8290,0.0,0.0,0.0,0.0,65
1993 Jun ,524277,184539,0,0,0,0,0,0,818,0.0,0.0,25922,18194,31268,0.0,0.0,81924,10661,0.0,27402,2983,16364,3286,3479,1290,4360,648,0.0,220,1143,1198,0.0,29372,4137,23967,0.0,63121,1188,1451,539,4849,11099,4068,5061,1206,0.0,0.0,1140,2054,3352,19929,0.0,38668,31853,5253,1562,8442,0.0,0.0,0.0,0.0,51
1993 May ,491664,152738,0,0,0,0,0,0,647,0.0,0.0,30038,14798,29596,0.0,0.0,66694,12690,0.0,29522,2322,19301,2847,3718,1334,4413,818,0.0,170,1256,910,0.0,32765,4624,26268,0.0,73278,1309,1447,839,5864,14087,4040,5815,1091,0.0,0.0,1110,1926,4587,22767,0.0,37724,30444,5772,1508,6925,0.0,0.0,0.0,0.0,46
1993 Apr ,501180,157581,0,0,0,0,0,0,545,0.0,0.0,25114,23327,34372,0.0,0.0,59401,11548,0.0,27521,2448,16458,2958,4448,1209,4484,806,0.0,158,1217,1071,0.0,28946,4666,22888,0.0,85812,1434,1973,794,6078,15872,3926,6033,1727,0.0,0.0,976,3048,4795,29914,0.0,34376,28268,4673,1435,8079,0.0,0.0,0.0,0.0,58
1993 Mar ,547795,176526,0,0,0,0,0,0,595,0.0,0.0,19994,24363,30124,0.0,0.0,88952,14588,0.0,22802,2400,13157,2381,3512,1352,5288,1544,0.0,118,1347,1203,0.0,34916,6046,27794,0.0,93062,1509,2131,1001,6049,17839,4277,5553,1634,0.0,0.0,1282,4509,5286,32410,0.0,30499,25352,3948,1199,6243,0.0,0.0,0.0,0.0,56
1993 Feb ,485346,129941,0,0,0,0,0,0,419,0.0,0.0,14202,16175,39598,0.0,0.0,86940,19939,0.0,22207,2268,12393,2820,3477,1249,4244,945,0.0,309,1125,670,0.0,32392,5772,25585,0.0,83500,1328,2341,956,5501,16342,4564,5228,1833,0.0,0.0,924,4116,5251,26188,0.0,30157,24694,3469,1994,5615,0.0,0.0,0.0,0.0,56
1993 Jan ,514013,146537,0,0,0,0,0,0,445,0.0,0.0,10786,26893,34754,0.0,0.0,76072,24326,0.0,22738,2281,12377,3254,3190,1636,5330,882,0.0,289,1949,987,0.0,32752,6602,25047,0.0,83155,1435,1982,1118,5437,14877,4984,5402,1526,0.0,0.0,834,5166,5910,25308,0.0,42236,35024,4987,2225,7817,0.0,0.0,0.0,0.0,114
1992 Dec ,547027,185868,0,0,0,0,0,0,483,0.0,0.0,16024,21747,29930,0.0,0.0,86101,14306,0.0,27381,3354,13978,3561,5016,1472,5028,1078,0.0,198,1490,1061,0.0,30874,6146,23816,0.0,78887,1455,1544,992,5273,13991,3565,5729,1732,0.0,0.0,1090,4608,5290,24694,0.0,40840,33414,5368,2058,9197,0.0,0.0,0.0,0.0,197
1992 Nov ,498866,155957,0,0,0,0,0,0,518,0.0,0.0,15125,17567,27083,0.0,0.0,72924,13290,0.0,25171,2816,14340,3112,3704,1199,4344,937,0.0,163,1246,825,0.0,32857,6201,25398,0.0,90543,1880,1785,1302,6564,17126,4728,6662,1740,0.0,0.0,1279,4353,5703,28347,0.0,35936,29350,5023,1563,7524,0.0,0.0,0.0,0.0,30
1992 Oct ,488746,153299,0,0,0,0,0,0,478,0.0,0.0,9804,15083,27430,0.0,0.0,68361,10616,0.0,30750,4757,16692,3669,4399,1233,4801,938,0.0,142,1324,859,0.0,32173,5147,25291,0.0,85645,1901,1845,938,6142,15607,4145,8598,1487,0.0,0.0,1457,3030,5658,25306,0.0,43452,35923,5976,1553,6906,0.0,0.0,0.0,0.0,37
1992 Sep ,486642,140265,0,0,0,0,0,0,379,0.0,0.0,8787,15786,29361,0.0,0.0,93411,10175,0.0,28723,4219,15289,3163,4324,1728,6075,1185,0.0,193,2217,1024,0.0,26730,3758,21327,0.0,74131,1533,1352,696,5392,13423,5141,7607,1177,0.0,0.0,1502,1827,4199,23132,0.0,46562,38287,6535,1740,6178,0.0,0.0,0.0,0.0,34
1992 Aug ,547776,147218,0,0,0,0,0,0,307,0.0,0.0,8135,30225,43275,0.0,0.0,98442,15981,0.0,27812,3089,15059,3317,4807,1540,9540,1139,0.0,248,3759,2504,0.0,29012,4948,22680,0.0,91488,1666,1285,609,9110,12855,10999,8070,1224,0.0,0.0,2641,2117,4387,27301,0.0,39365,31203,6483,1679,6248,0.0,0.0,0.0,0.0,37
1992 Jul ,548049,163700,0,0,0,0,0,0,305,0.0,0.0,6660,24626,50620,0.0,0.0,84131,12656,0.0,30594,2853,17081,4419,4564,1677,7645,944,0.0,155,2315,2427,0.0,32792,4997,26005,0.0,81029,2340,1906,638,6827,12782,5285,8557,1664,0.0,0.0,1286,3189,5117,23908,0.0,47602,40044,5875,1683,5363,0.0,0.0,0.0,0.0,40
1992 Jun ,472933,159329,0,0,0,0,0,0,395,0.0,0.0,5733,17449,30727,0.0,0.0,82898,9171,0.0,32301,2565,19562,2966,5874,1334,4562,802,0.0,85,1382,1252,0.0,29964,4087,24503,0.0,59687,1057,1359,822,4349,10005,3413,5032,1130,0.0,0.0,847,2410,3302,19703,0.0,36273,29809,4942,1522,4380,0.0,0.0,0.0,0.0,33
1992 May ,449648,148203,0,0,0,0,0,0,298,0.0,0.0,5341,15187,27162,0.0,0.0,68429,9463,0.0,34030,2381,21715,3138,5491,1305,3826,951,0.0,104,929,820,0.0,29282,4375,23463,0.0,68109,1366,1373,798,6043,10965,3585,5901,1000,0.0,0.0,866,2219,4355,22397,0.0,35591,28737,5407,1447,4644,0.0,0.0,0.0,0.0,43
1992 Apr ,485536,170101,0,0,0,0,0,0,232,0.0,0.0,4238,18395,30723,0.0,0.0,66640,10851,0.0,28001,1883,16553,2690,5877,998,5141,1184,0.0,91,1554,1124,0.0,27791,5202,21332,0.0,81710,1311,1683,923,6375,14265,2742,5850,1621,0.0,0.0,1275,3283,5456,28449,0.0,35917,29911,4547,1459,5596,0.0,0.0,0.0,0.0,37
1992 Mar ,478996,136680,0,0,0,0,0,0,226,0.0,0.0,4767,14158,28755,0.0,0.0,101245,11523,0.0,27103,2331,15819,3077,4823,1053,5337,2158,0.0,60,1150,849,0.0,30509,5997,23432,0.0,83126,1112,1979,1390,5992,14144,3491,5992,1688,0.0,0.0,981,4526,5391,28239,0.0,31572,26839,3465,1268,3810,0.0,0.0,0.0,0.0,43
1992 Feb ,500155,140290,0,0,0,0,0,0,248,0.0,0.0,3531,28979,39664,0.0,0.0,90575,15344,0.0,25726,2025,14257,3658,4551,1235,4931,1057,0.0,144,1532,812,0.0,32531,6218,25525,0.0,81286,1401,2286,1212,6088,12955,4149,4848,1740,0.0,0.0,1004,4655,5468,27531,0.0,32564,27083,3631,1850,4272,0.0,0.0,0.0,0.0,26
1992 Jan ,485463,141799,0,0,0,0,0,0,205,0.0,0.0,4784,13386,21329,0.0,0.0,87617,22160,0.0,26774,2137,15123,3449,4663,1402,5559,1308,0.0,200,1785,966,0.0,32691,6833,24800,0.0,81910,1275,2081,1707,5670,12215,5325,5399,1656,0.0,0.0,1202,5882,6313,24302,0.0,41463,34477,4715,2271,5568,0.0,0.0,0.0,0.0,50
1991 Dec ,519200,180229,0,0,0,0,0,0,206,0.0,0.0,5357,18771,24078,0.0,0.0,86966,12122,0.0,29460,2459,16124,3511,5897,1469,5256,1636,0.0,84,1404,937,0.0,29735,6406,22588,0.0,79222,1174,1566,1761,4932,11551,3828,5391,1712,0.0,0.0,756,5864,6208,25077,0.0,40508,33548,4856,2104,6297,0.0,0.0,0.0,0.0,567
1991 Nov ,473327,155670,0,0,0,0,0,0,217,0.0,0.0,4808,13948,20998,0.0,0.0,79268,10740,0.0,27405,2220,15642,3460,4949,1134,4710,1488,0.0,77,1128,792,0.0,30971,5735,24168,0.0,83443,1653,1900,1675,5965,13417,3987,5546,1892,0.0,0.0,1309,4896,6116,26097,0.0,36173,29621,4891,1661,4770,0.0,0.0,0.0,0.0,44
1991 Oct ,472918,145801,0,0,0,0,0,0,220,0.0,0.0,3946,14101,25456,0.0,0.0,79891,9592,0.0,31380,2898,18555,3600,4984,1343,5132,1519,0.0,76,1179,848,0.0,30716,4860,23896,0.0,81681,1766,1697,1111,6407,13529,4419,8741,1380,0.0,0.0,1666,3307,5658,23279,0.0,39647,33428,4739,1480,5181,0.0,0.0,0.0,0.0,53
1991 Sep ,459836,134641,0,0,0,0,0,0,232,0.0,0.0,3596,15125,21655,0.0,0.0,92045,8229,0.0,30006,2992,17266,3179,5232,1337,7452,2016,0.0,65,2514,1238,0.0,26816,3874,21084,0.0,74115,1436,1607,950,6273,11997,5015,7236,1320,0.0,0.0,2134,2644,4295,21269,0.0,41203,32618,6976,1609,4437,0.0,0.0,0.0,0.0,42
1991 Aug ,519640,140065,0,0,0,0,0,0,190,0.0,0.0,3426,30664,34572,0.0,0.0,99175,18015,0.0,28466,2726,15482,3514,5330,1414,9659,2031,0.0,48,3130,2409,0.0,26932,4518,20989,0.0,87359,1548,1325,761,9016,11876,11272,7009,1237,0.0,0.0,3553,2202,4139,24241,0.0,35494,27356,6447,1691,4926,0.0,0.0,0.0,0.0,42
1991 Jul ,494626,149315,0,0,0,0,0,0,168,0.0,0.0,4054,22258,31213,0.0,0.0,79119,13309,0.0,30372,3148,17116,4041,4568,1499,7341,1997,0.0,56,1105,2314,0.0,32734,4864,26079,0.0,78035,1796,1827,896,6839,11473,5135,8494,1762,0.0,0.0,1625,3210,5002,22302,0.0,41722,34342,5654,1726,4616,0.0,0.0,0.0,0.0,29
1991 Jun ,445771,155212,0,0,0,0,0,0,180,0.0,0.0,2989,17548,20094,0.0,0.0,73972,9077,0.0,31129,2604,19405,2879,4387,1854,6285,1825,0.0,42,1659,1337,0.0,26876,3868,21713,0.0,57592,1001,1479,986,4362,8535,3570,5300,1395,0.0,0.0,795,2338,3355,17392,0.0,40638,33307,5746,1585,3832,0.0,0.0,0.0,0.0,45
1991 May ,411284,138084,0,0,0,0,0,0,142,0.0,0.0,2931,13143,20897,0.0,0.0,61403,9964,0.0,35395,2480,24135,3121,4165,1494,4871,1847,0.0,17,1076,867,0.0,25023,3975,19847,0.0,62206,1026,1246,790,5632,10347,2906,4932,1140,0.0,0.0,756,2061,3579,19807,0.0,32392,24720,6089,1583,4450,0.0,0.0,0.0,0.0,38
1991 Apr ,418722,150677,0,0,0,0,0,0,146,0.0,0.0,2809,13221,25818,0.0,0.0,52736,9201,0.0,28035,2207,18220,2459,3953,1196,4951,2164,0.0,31,922,893,0.0,23861,3911,19136,0.0,71060,1256,1592,1042,5993,11826,2763,5030,1297,0.0,0.0,776,3179,4357,22573,0.0,31484,26216,4027,1241,4442,0.0,0.0,0.0,0.0,51
1991 Mar ,403287,128916,0,0,0,0,0,0,107,0.0,0.0,3331,19561,19441,0.0,0.0,48146,7419,0.0,27692,2251,17137,2742,4388,1174,7322,4841,0.0,11,858,845,0.0,25503,5381,19236,0.0,77650,1236,1743,1647,4837,13782,2604,5269,1672,0.0,0.0,973,3897,4831,26390,0.0,33683,28049,4339,1295,4192,0.0,0.0,0.0,0.0,61
1991 Feb ,363536,112513,0,0,0,0,0,0,100,0.0,0.0,2051,23678,27281,0.0,0.0,41290,6068,0.0,24068,1856,14225,2758,3864,1365,5484,3643,0.0,8,719,492,0.0,21515,5108,15793,0.0,66430,876,1565,1904,4418,11281,1996,4196,1088,0.0,0.0,473,3511,4245,22913,0.0,29653,24916,3166,1571,3194,0.0,0.0,0.0,0.0,47
1991 Jan ,432267,115525,0,0,0,0,0,0,131,0.0,0.0,3035,11028,15576,0.0,0.0,77271,18799,0.0,26934,2182,16340,2499,4246,1667,5772,3147,0.0,13,686,822,0.0,26119,6041,19219,0.0,79178,1042,1893,2350,4924,12688,4336,5064,1493,0.0,0.0,665,5372,5902,23347,0.0,47302,39835,5056,2411,5389,0.0,0.0,0.0,0.0,91
1990 Dec ,488768,157548,0,0,0,0,0,0,120,0.0,0.0,3168,18229,20762,0.0,0.0,76460,10297,0.0,31979,2401,20001,2665,5589,1323,6166,2944,0.0,25,910,905,0.0,28344,5801,21590,0.0,82790,1144,1733,2548,5173,11324,3692,5336,1647,0.0,0.0,1114,5423,5650,26134,0.0,45938,38335,5541,2062,6598,0.0,0.0,0.0,0.0,93
1990 Nov ,448573,133007,0,0,0,0,0,0,93,0.0,0.0,2904,14459,16081,0.0,0.0,78973,10098,0.0,27706,2080,17798,2374,4356,1098,5223,2529,0.0,33,623,636,0.0,29895,5809,22787,0.0,86056,1825,1572,2324,5620,14644,3690,5774,1624,0.0,0.0,1155,5007,5360,26215,0.0,38216,31723,4831,1662,5597,0.0,0.0,0.0,0.0,94
1990 Oct ,435281,119687,0,0,0,0,0,0,70,0.0,0.0,2231,15130,15571,0.0,0.0,76060,8651,0.0,28146,2191,17748,2939,3976,1292,5241,2319,0.0,18,573,699,0.0,30843,4918,24218,0.0,82460,1605,1780,1031,5584,13064,3878,7288,1539,0.0,0.0,1907,3645,5560,24921,0.0,45793,39152,5289,1352,5034,0.0,0.0,0.0,0.0,191
1990 Sep ,427523,112293,0,0,0,0,0,0,63,0.0,0.0,2451,13749,14673,0.0,0.0,81936,7021,0.0,28450,2248,17940,2630,4089,1543,6277,3007,0.0,20,859,793,0.0,26710,3980,21287,0.0,74620,1652,1413,1333,6019,11196,5065,7396,1480,0.0,0.0,1689,2944,4438,20688,0.0,52921,43988,7363,1570,4861,0.0,0.0,0.0,0.0,1234
1990 Aug ,492544,120467,0,0,0,0,0,0,88,0.0,0.0,2897,27105,22953,0.0,0.0,99884,11246,0.0,28017,2497,17567,2817,3798,1338,8622,2716,0.0,121,1922,2132,0.0,26166,4202,20712,0.0,89917,1909,1517,795,9375,10762,11085,7274,1239,0.0,0.0,3338,2072,4278,26254,0.0,47165,37408,8083,1674,5360,0.0,0.0,0.0,0.0,2118
1990 Jul ,474861,124169,0,0,0,0,0,0,90,0.0,0.0,2589,21375,22660,0.0,0.0,84795,8465,0.0,27502,2138,17631,3251,3165,1317,10356,2667,0.0,538,2628,2318,0.0,30028,5127,23451,0.0,80910,2174,1682,798,7257,11417,4615,9201,1800,0.0,0.0,1513,3287,4958,22890,0.0,55232,46689,6648,1895,3962,0.0,0.0,0.0,0.0,2476
1990 Jun ,409635,124563,0,0,0,0,0,0,90,0.0,0.0,2313,13908,14550,0.0,0.0,80669,6242,0.0,29426,2206,20279,2826,3158,957,7966,2397,0.0,436,1726,1081,0.0,25859,3622,21065,0.0,53277,879,1270,857,4332,7923,2754,4664,1090,0.0,0.0,785,2032,3283,16997,0.0,46647,38633,6527,1487,3611,0.0,0.0,0.0,0.0,408
1990 May ,409797,124480,0,0,0,0,0,0,94,0.0,0.0,2208,12970,16990,0.0,0.0,65761,7006,0.0,32612,2135,23681,2572,3320,904,7386,2639,0.0,206,1230,790,0.0,26736,4609,20982,0.0,66994,1229,1303,822,5973,8998,3242,5841,1134,0.0,0.0,2107,2371,3991,21998,0.0,41933,33341,6843,1749,4332,0.0,0.0,0.0,0.0,234
1990 Apr ,430272,130831,0,0,0,0,0,0,82,0.0,0.0,1843,15829,19240,0.0,0.0,67686,6465,0.0,25888,1834,17060,2193,4035,766,7095,2045,0.0,133,1186,854,0.0,26634,4409,21037,0.0,78396,1251,1604,1093,5429,13186,3011,5206,1373,0.0,0.0,1094,3690,5326,27495,0.0,45747,38808,5562,1377,4188,0.0,0.0,0.0,0.0,242
1990 Mar ,445528,106521,0,0,0,0,0,0,90,0.0,0.0,2094,12261,20581,0.0,0.0,93829,8017,0.0,26993,2220,16831,3080,4132,730,8604,2846,0.0,302,1487,989,0.0,30833,6748,22981,0.0,91132,1922,2030,2113,7413,14568,4718,5699,1685,0.0,0.0,1332,5224,5764,28935,0.0,40173,33151,5396,1626,4089,0.0,0.0,0.0,0.0,220
1990 Feb ,424670,103963,0,0,0,0,0,0,55,0.0,0.0,1535,14144,24117,0.0,0.0,86924,10282,0.0,23867,1825,14458,3032,3916,636,7019,1445,0.0,322,1279,781,0.0,28824,6070,21831,0.0,83498,1348,1894,2054,5784,12146,5020,5245,1515,0.0,0.0,912,4743,5511,28514,0.0,36397,30222,4052,2123,3644,0.0,0.0,0.0,0.0,285
1990 Jan ,432993,105567,0,0,0,0,0,0,77,0.0,0.0,1995,14979,16600,0.0,0.0,78618,14636,0.0,25729,2138,15533,2843,4308,907,8267,1534,0.0,448,2482,1064,0.0,26239,5846,19503,0.0,80348,1008,1739,2200,5101,11858,5516,4921,1235,0.0,0.0,907,5215,6279,25550,0.0,54535,45110,6578,2847,4921,0.0,0.0,0.0,0.0,359
1989 Dec ,450000,134482,0,0,0,0,0,0,64,0.0,0.0,2472,13531,25087,0.0,0.0,73975,8732,0.0,28539,2420,16306,2935,6027,851,6777,1162,0.0,311,1612,920,0.0,24963,5131,19051,0.0,77549,1093,1682,2249,4355,11323,3816,4889,1186,0.0,0.0,909,5162,6019,26257,0.0,46904,37874,6393,2637,5895,0.0,0.0,0.0,0.0,326
1989 Nov ,425918,119548,0,0,0,0,0,0,60,0.0,0.0,2338,11330,19109,0.0,0.0,71256,8078,0.0,25778,1952,15471,2843,4861,651,6143,1084,0.0,318,1128,805,0.0,29635,6147,22546,0.0,83051,1631,1838,1848,5321,13435,3899,6169,1341,0.0,0.0,1695,4873,5254,26653,0.0,44042,35795,6302,1945,4831,0.0,0.0,0.0,0.0,221
1989 Oct ,423336,111803,0,0,0,0,0,0,31,0.0,0.0,1703,11070,19470,0.0,0.0,68555,7799,0.0,27020,1780,16299,3254,5041,646,6563,844,0.0,277,1330,856,0.0,31933,4798,25564,0.0,79632,1513,1687,1479,6228,12599,3801,6391,1306,0.0,0.0,2034,4006,5585,25053,0.0,52280,43262,7213,1805,4695,0.0,0.0,0.0,0.0,262
1989 Sep ,406340,101407,0,0,0,0,0,0,82,0.0,0.0,2101,11157,19650,0.0,0.0,83078,5346,0.0,24354,2117,14611,2537,4394,695,6896,1095,0.0,253,1946,1098,0.0,24553,3470,19696,0.0,65566,1396,1621,1137,5155,10571,3610,6934,1012,0.0,0.0,1331,2382,3954,19584,0.0,56846,46065,8856,1925,4487,0.0,0.0,0.0,0.0,310
1989 Aug ,443375,100702,0,0,0,0,0,0,74,0.0,0.0,2413,19544,24130,0.0,0.0,91837,8408,0.0,24624,2410,14473,3197,3824,720,8907,1017,0.0,368,2432,2292,0.0,23548,3976,18578,0.0,84379,1635,1394,699,8904,10945,10239,7429,983,0.0,0.0,2958,2057,4249,24659,0.0,48121,37501,8840,1780,5575,0.0,0.0,0.0,0.0,269
1989 Jul ,435972,109021,0,0,0,0,0,0,46,0.0,0.0,1714,15570,24678,0.0,0.0,76429,7188,0.0,24949,2194,15326,3410,3172,847,9874,782,0.0,330,3476,2417,0.0,28113,4870,21928,0.0,75936,2057,1746,793,6795,11248,4816,8583,1338,0.0,0.0,1251,2954,5475,21145,0.0,57697,45147,10677,1873,4028,0.0,0.0,0.0,0.0,216
1989 Jun ,367275,107245,0,0,0,0,0,0,50,0.0,0.0,1785,10779,13076,0.0,0.0,66188,5209,0.0,28044,2232,18341,3027,3639,805,5565,505,0.0,380,1386,1023,0.0,23766,3658,18892,0.0,52604,996,1310,979,3944,7705,2666,4795,956,0.0,0.0,744,2461,3379,16721,0.0,48661,39638,7313,1710,3688,0.0,0.0,0.0,0.0,152
1989 May ,362982,108515,0,0,0,0,0,0,49,0.0,0.0,1914,8871,14552,0.0,0.0,57073,5480,0.0,29320,1834,20731,2097,3876,782,5791,772,0.0,253,1377,855,0.0,22994,3691,18140,0.0,61500,1128,1119,962,5231,9472,3063,5154,868,0.0,0.0,919,2616,4733,18949,0.0,41871,32007,8152,1712,4484,0.0,0.0,0.0,0.0,181
1989 Apr ,375679,108096,0,0,0,0,0,0,24,0.0,0.0,1597,9384,15968,0.0,0.0,55784,6187,0.0,26543,1716,16738,2620,4591,878,4708,822,0.0,144,917,835,0.0,27234,4339,21767,0.0,74877,1413,1338,1073,6340,11729,3702,5031,1141,0.0,0.0,1017,3959,5618,24614,0.0,40822,33289,5982,1551,3918,0.0,0.0,0.0,0.0,184
1989 Mar ,404795,94195,0,0,0,0,0,0,51,0.0,0.0,2348,12338,15141,0.0,0.0,75070,7107,0.0,25449,1882,15772,2999,3925,871,7011,1460,0.0,251,1471,1103,0.0,29006,5355,22762,0.0,90143,1433,1679,1396,5564,16530,5486,5379,1491,0.0,0.0,1126,5312,6379,29448,0.0,41550,34794,5537,1219,4742,0.0,0.0,0.0,0.0,197
1989 Feb ,353789,84579,0,0,0,0,0,0,72,0.0,0.0,1754,15611,20578,0.0,0.0,59095,6705,0.0,22210,1547,14214,2286,3262,901,5849,933,0.0,225,1438,787,0.0,24693,5120,18942,0.0,76944,1394,1673,1728,5062,12462,4867,5183,1267,0.0,0.0,844,4594,5667,24292,0.0,31740,25700,4486,1554,3498,0.0,0.0,0.0,0.0,96
1989 Jan ,380096,91380,0,0,0,0,0,0,29,0.0,0.0,2325,8295,12365,0.0,0.0,62896,10991,0.0,25694,1901,15770,2669,4213,1141,7424,961,0.0,427,2344,988,0.0,25629,4689,20113,0.0,78824,1137,1717,1736,5886,12564,5065,4927,1387,0.0,0.0,821,5678,6217,23887,0.0,48352,39146,6913,2293,5111,0.0,0.0,0.0,0.0,203
1988 Dec ,393771,131644,0,0,0,0,0,0,0,0.0,0.0,2810,10270,15625,0.0,0.0,56355,6546,0.0,27314,2026,16418,2429,5323,1118,6086,781,0.0,262,1585,952,0.0,22924,4135,18236,0.0,68291,1122,1388,1381,4148,10343,3564,4370,1013,0.0,0.0,0,4392,5629,22551,0.0,40181,31879,6238,2064,5322,0.0,0.0,0.0,0.0,221
1988 Nov ,361734,94932,0,0,0,0,0,0,0,0.0,0.0,1931,9056,11988,0.0,0.0,60161,6394,0.0,24523,1634,15527,2617,3761,984,5318,617,0.0,232,1144,695,0.0,28940,4652,23182,0.0,79350,1723,1571,1798,6051,12506,4128,5559,1233,0.0,0.0,0,4513,5701,23856,0.0,34114,26793,5892,1429,4591,0.0,0.0,0.0,0.0,215
1988 Oct ,365581,100028,0,0,0,0,0,0,0,0.0,0.0,1608,9629,11206,0.0,0.0,53939,4610,0.0,25782,1663,16732,2739,3754,894,6051,724,0.0,231,1297,761,0.0,30354,4178,24738,0.0,75457,1563,1651,1271,5690,11613,3996,6332,1211,0.0,0.0,0,3473,5659,24328,0.0,42414,34012,6867,1535,4182,0.0,0.0,0.0,0.0,179
1988 Sep ,341254,89226,0,0,0,0,0,0,0,0.0,0.0,2184,9368,12173,0.0,0.0,65745,3471,0.0,22308,1200,14323,2653,3151,981,6393,618,0.0,225,1989,1066,0.0,21168,2648,17005,0.0,58869,1308,1346,925,4325,8270,3525,6185,1188,0.0,0.0,0,2201,3611,18578,0.0,45868,35946,8289,1633,3997,0.0,0.0,0.0,0.0,208
1988 Aug ,388077,93775,0,0,0,0,0,0,0,0.0,0.0,2094,15542,17816,0.0,0.0,72860,5630,0.0,24357,1734,14891,3201,3612,919,8642,489,0.0,337,2727,2088,0.0,22263,3232,17855,0.0,78094,1719,1272,682,8538,9295,9560,7027,951,0.0,0.0,0,1976,3887,22439,0.0,41701,30464,9847,1390,4702,0.0,0.0,0.0,0.0,214
1988 Jul ,377985,102502,0,0,0,0,0,0,0,0.0,0.0,1894,13003,15353,0.0,0.0,63908,4817,0.0,25200,1543,15604,3900,2957,1196,9150,446,0.0,393,3269,2247,0.0,24870,3846,19452,0.0,67954,1818,1477,781,6370,9524,3966,7815,1304,0.0,0.0,0,2619,5041,19572,0.0,45309,35725,8085,1499,3542,0.0,0.0,0.0,0.0,234
1988 Jun ,319362,97240,0,0,0,0,0,0,0,0.0,0.0,1526,9633,8520,0.0,0.0,53905,3661,0.0,27767,1895,19411,3040,2409,1012,4955,440,0.0,318,1312,1026,0.0,20364,2540,16682,0.0,47867,850,1193,832,3819,6441,2837,4116,940,0.0,0.0,0,2206,3302,15078,0.0,40372,31907,7097,1368,3199,0.0,0.0,0.0,0.0,168
1988 May ,318454,103188,0,0,0,0,0,0,0,0.0,0.0,1397,7772,9686,0.0,0.0,47396,3911,0.0,29589,1730,22143,2030,2734,952,4578,340,0.0,215,1097,862,0.0,19856,2620,16135,0.0,52553,1062,1364,710,4446,6714,2789,4444,879,0.0,0.0,0,2712,3777,16660,0.0,34946,26511,7349,1086,3272,0.0,0.0,0.0,0.0,205
1988 Apr ,331647,100332,0,0,0,0,0,0,0,0.0,0.0,1379,9662,10989,0.0,0.0,49471,3929,0.0,25680,1639,17344,2645,3242,810,4887,445,0.0,233,1220,901,0.0,22301,3110,18239,0.0,65775,1184,1567,1050,4665,9154,3387,4735,1665,0.0,0.0,0,3782,4992,21571,0.0,33252,27100,5126,1026,3653,0.0,0.0,0.0,0.0,181
1988 Mar ,347373,88152,0,0,0,0,0,0,0,0.0,0.0,1326,9259,12631,0.0,0.0,61831,4070,0.0,25631,1761,17094,3208,2631,937,5287,803,0.0,281,1466,788,0.0,24491,4076,19640,0.0,78332,1394,1998,1201,5065,11997,4824,4545,1601,0.0,0.0,0,4385,4846,27566,0.0,32986,26811,5185,990,3021,0.0,0.0,0.0,0.0,184
1988 Feb ,312406,81010,0,0,0,0,0,0,0,0.0,0.0,1395,13414,15421,0.0,0.0,49459,2961,0.0,23893,1406,16746,2582,2235,924,5781,673,0.0,245,2136,640,0.0,21165,3835,16812,0.0,69018,1083,1704,1263,5014,11137,5811,4304,1202,0.0,0.0,0,4109,4675,21250,0.0,25608,20456,3631,1521,3000,0.0,0.0,0.0,0.0,128
1988 Jan ,328447,86435,0,0,0,0,0,0,0,0.0,0.0,1835,7455,10703,0.0,0.0,47375,4888,0.0,25563,1616,17498,2805,2400,1244,6264,720,0.0,463,1660,992,0.0,23107,3773,18790,0.0,69128,906,1680,1249,4964,11531,5084,4503,1390,0.0,0.0,0,4650,5151,20200,0.0,41295,33889,5477,1929,4105,0.0,0.0,0.0,0.0,167
1987 Dec ,342250,124978,0,0,0,0,0,0,0,0.0,0.0,1544,9622,12914,0.0,0.0,41857,2927,0.0,26791,1537,18113,3274,2958,909,5006,631,0.0,282,1463,749,0.0,20374,2960,16859,0.0,59167,878,1599,1473,3630,8526,3473,3579,1709,0.0,0.0,0,4031,4381,18816,0.0,32598,26511,4350,1737,4188,0.0,0.0,0.0,0.0,151
1987 Nov ,307067,91073,0,0,0,0,0,0,0,0.0,0.0,1342,8186,11884,0.0,0.0,44538,3903,0.0,23502,1205,16497,2945,2249,606,4579,673,0.0,268,1073,626,0.0,24252,3718,19697,0.0,60216,1086,1424,994,4523,10515,2791,3687,936,0.0,0.0,0,3632,4266,18106,0.0,30111,23656,5202,1253,3142,0.0,0.0,0.0,0.0,147
1987 Oct ,315112,90097,0,0,0,0,0,0,0,0.0,0.0,1121,8691,10825,0.0,0.0,41400,3802,0.0,25770,1420,18602,2822,2270,656,4708,508,0.0,236,1054,688,0.0,28558,3900,23152,0.0,56957,1520,1447,786,4171,8695,2675,4802,1142,0.0,0.0,0,2937,3687,17881,0.0,39516,31569,6799,1148,3349,0.0,0.0,0.0,0.0,149
1987 Sep ,302983,81841,0,0,0,0,0,0,0,0.0,0.0,1435,8942,8894,0.0,0.0,51551,2690,0.0,28104,1272,20916,2687,2482,747,5174,519,0.0,234,1610,892,0.0,20141,2405,16546,0.0,46360,1412,1143,626,3439,6797,2801,4380,795,0.0,0.0,0,1984,2462,13968,0.0,44112,34304,8544,1264,3327,0.0,0.0,0.0,0.0,180
1987 Aug ,353788,91415,0,0,0,0,0,0,0,0.0,0.0,1766,16756,18027,0.0,0.0,65836,3189,0.0,25460,1167,18855,2326,2408,704,7618,479,0.0,394,2534,1771,0.0,20486,2608,16693,0.0,59205,1182,997,506,6181,7258,7196,5463,704,0.0,0.0,0,1530,2496,17288,0.0,39798,28615,9965,1218,3560,0.0,0.0,0.0,0.0,288
1987 Jul ,342882,95693,0,0,0,0,0,0,0,0.0,0.0,1833,13252,17561,0.0,0.0,51985,3466,0.0,28687,1144,20616,3568,2543,816,7688,335,0.0,338,2912,1727,0.0,23720,2845,18781,0.0,50525,1341,1166,515,4412,7335,2764,6016,1067,0.0,0.0,0,1895,3367,14482,0.0,45520,35010,9115,1395,2419,0.0,0.0,0.0,0.0,194
1987 Jun ,283828,93788,0,0,0,0,0,0,0,0.0,0.0,1415,8928,8201,0.0,0.0,40167,2643,0.0,29972,1039,22899,3132,2055,847,4561,398,0.0,341,1294,870,0.0,19311,2254,15907,0.0,36358,711,1024,493,3303,5327,1581,3247,719,0.0,0.0,0,1860,2148,11356,0.0,35909,27587,7292,1030,2254,0.0,0.0,0.0,0.0,135
1987 May ,291469,97984,0,0,0,0,0,0,0,0.0,0.0,1214,8109,9400,0.0,0.0,39417,3071,0.0,32622,1013,27002,2004,2040,563,3969,517,0.0,229,884,695,0.0,19885,2564,16193,0.0,40814,806,1011,722,3523,6144,1828,3401,675,0.0,0.0,0,1986,2807,13592,0.0,32820,24752,7132,936,1907,0.0,0.0,0.0,0.0,121
1987 Apr ,287663,90340,0,0,0,0,0,0,0,0.0,0.0,1338,10571,10984,0.0,0.0,33680,2522,0.0,29366,1029,22020,3020,2691,606,4674,418,0.0,254,1250,884,0.0,19512,2794,15827,0.0,51600,884,1272,655,3734,9319,2085,3550,949,0.0,0.0,0,2513,3416,17065,0.0,30460,24446,4944,1070,2316,0.0,0.0,0.0,0.0,139
1987 Mar ,293774,77191,0,0,0,0,0,0,0,0.0,0.0,1292,8322,12078,0.0,0.0,49124,2653,0.0,26540,1090,19918,2669,2203,660,4428,389,0.0,271,1393,775,0.0,24506,3730,20154,0.0,57363,753,1291,778,3715,8302,3172,3282,1021,0.0,0.0,0,2800,3748,20919,0.0,28235,22801,4666,768,1739,0.0,0.0,0.0,0.0,146
1987 Feb ,273405,71957,0,0,0,0,0,0,0,0.0,0.0,1098,11581,17888,0.0,0.0,44480,2603,0.0,23870,986,17670,2244,2145,825,4169,300,0.0,240,1264,555,0.0,20313,3559,16167,0.0,49854,904,1423,979,3482,6961,3456,3193,1080,0.0,0.0,0,2950,3599,16323,0.0,23779,19215,3382,1182,1557,0.0,0.0,0.0,0.0,117
1987 Jan ,284588,76907,0,0,0,0,0,0,0,0.0,0.0,1214,12148,9707,0.0,0.0,37364,2910,0.0,27310,946,20406,2825,2338,795,6270,362,0.0,440,2764,841,0.0,19522,3284,15393,0.0,50849,733,1562,871,3359,8140,3447,3595,1310,0.0,0.0,0,2923,3978,15442,0.0,38346,31712,5116,1518,1752,0.0,0.0,0.0,0.0,122
1986 Dec ,297217,108406,0,0,0,0,0,0,0,0.0,0.0,1274,9446,11208,0.0,0.0,34058,2510,0.0,27205,1077,19188,2756,3423,761,4587,276,0.0,295,1539,773,0.0,18949,2895,15501,0.0,47872,663,1131,982,3039,7666,2704,3254,960,0.0,0.0,0,2754,3838,15499,0.0,29627,23434,4627,1566,1626,0.0,0.0,0.0,0.0,196
1986 Nov ,266980,79862,0,0,0,0,0,0,0,0.0,0.0,1222,7637,8460,0.0,0.0,31452,2666,0.0,25652,877,19550,2205,2480,540,3833,166,0.0,215,1052,536,0.0,24311,4203,19356,0.0,50818,1681,1192,969,4096,7737,2654,3220,1195,0.0,0.0,0,2851,3477,15549,0.0,29229,23205,5123,901,1534,0.0,0.0,0.0,0.0,147
1986 Oct ,275773,80800,0,0,0,0,0,0,0,0.0,0.0,1220,8280,8367,0.0,0.0,33250,2839,0.0,28415,633,22190,2576,2495,521,3877,188,0.0,181,1056,587,0.0,25122,3412,20496,0.0,46687,1272,1320,902,3744,6791,2364,3843,1253,0.0,0.0,0,2006,3155,14634,0.0,35194,27847,6405,942,1392,0.0,0.0,0.0,0.0,164
1986 Sep ,259582,76477,0,0,0,0,0,0,0,0.0,0.0,1026,8072,7560,0.0,0.0,33880,2370,0.0,28327,634,22106,2413,2622,552,3202,177,0.0,172,839,640,0.0,19936,1862,16593,0.0,36270,718,828,538,3148,5193,1960,3646,671,0.0,0.0,0,1369,2431,11241,0.0,40414,32287,7159,968,1599,0.0,0.0,0.0,0.0,115
1986 Aug ,304666,83097,0,0,0,0,0,0,0,0.0,0.0,1324,14203,10479,0.0,0.0,48866,2860,0.0,28268,651,22136,2322,2643,516,6083,158,0.0,339,2435,1212,0.0,17991,2354,14420,0.0,48834,894,716,378,5931,6890,5474,4023,747,0.0,0.0,0,1121,2337,14783,0.0,40459,31533,8009,917,1527,0.0,0.0,0.0,0.0,201
1986 Jul ,275976,85934,0,0,0,0,0,0,0,0.0,0.0,1210,10914,12398,0.0,0.0,32206,2279,0.0,26289,805,19790,2761,2356,577,6185,173,0.0,326,2286,1320,0.0,19668,2456,15804,0.0,42354,1245,940,398,4272,5910,2396,5037,814,0.0,0.0,0,1255,3104,12576,0.0,34960,28140,5712,1108,1129,0.0,0.0,0.0,0.0,191
1986 Jun ,257252,99559,0,0,0,0,0,0,0,0.0,0.0,958,7477,5584,0.0,0.0,27376,2394,0.0,25157,585,20174,1713,1919,766,5102,144,0.0,317,2077,879,0.0,17635,1973,14846,0.0,30647,541,851,498,2882,3922,1402,3183,712,0.0,0.0,0,1251,1935,10130,0.0,33928,28052,5014,862,1151,0.0,0.0,0.0,0.0,155
1986 May ,248171,84521,0,0,0,0,0,0,0,0.0,0.0,800,6397,6653,0.0,0.0,27719,2657,0.0,26837,767,21485,1764,2324,497,3797,920,0.0,182,975,523,0.0,17373,2129,14195,0.0,36303,876,847,498,3283,4956,1740,2987,748,0.0,0.0,0,1465,2774,12360,0.0,33358,27530,4999,829,1504,0.0,0.0,0.0,0.0,129
1986 Apr ,245614,83546,0,0,0,0,0,0,0,0.0,0.0,698,6603,6267,0.0,0.0,28782,2284,0.0,22728,747,17441,1813,2226,501,5653,1719,0.0,248,1592,689,0.0,17554,2420,14336,0.0,41412,688,1064,598,3117,6521,2047,3354,774,0.0,0.0,0,1989,2862,14724,0.0,28597,23443,4173,981,1189,0.0,0.0,0.0,0.0,154
1986 Mar ,260497,76711,0,0,0,0,0,0,0,0.0,0.0,746,7914,7321,0.0,0.0,38628,2532,0.0,21668,828,16215,2067,1921,637,6463,2399,0.0,256,1792,712,0.0,19377,3275,15550,0.0,50519,1120,1622,655,3345,8454,2732,3301,889,0.0,0.0,0,2134,3080,18984,0.0,27136,22614,3739,783,1131,0.0,0.0,0.0,0.0,191
1986 Feb ,236979,70667,0,0,0,0,0,0,0,0.0,0.0,708,11379,10188,0.0,0.0,35013,2164,0.0,21545,691,16898,1639,1640,677,4954,1934,0.0,191,1190,464,0.0,16265,2765,12995,0.0,42051,657,1256,688,3412,6390,2272,3205,760,0.0,0.0,0,1878,2815,14500,0.0,20827,17010,2810,1007,996,0.0,0.0,0.0,0.0,81
1986 Jan ,262351,79673,0,0,0,0,0,0,0,0.0,0.0,991,6433,5903,0.0,0.0,33048,2635,0.0,24943,761,19392,2104,2057,629,6826,1764,0.0,422,2473,713,0.0,17540,2891,14093,0.0,46364,788,1364,655,3302,7965,2795,3628,932,0.0,0.0,0,2175,3763,15101,0.0,36674,30773,4531,1370,1068,0.0,0.0,0.0,0.0,140
1985 Dec ,277383,112097,0,0,0,0,0,0,0,0.0,0.0,919,7955,7104,0.0,0.0,31531,2525,0.0,23677,874,17764,1788,2707,544,4984,1003,0.0,252,1888,623,0.0,15303,2413,12481,0.0,40790,645,1053,704,2907,6241,1897,2749,831,0.0,0.0,0,1919,3359,14409,0.0,29018,24049,3742,1227,1171,0.0,0.0,0.0,0.0,134
1985 Nov ,250465,82520,0,0,0,0,0,0,0,0.0,0.0,873,6367,6112,0.0,0.0,31168,2844,0.0,24754,814,19309,1859,2254,518,4346,1239,0.0,216,1145,432,0.0,20910,3013,17291,0.0,43407,812,1151,489,3493,7387,2072,2972,859,0.0,0.0,0,1971,3388,14431,0.0,25761,20505,4296,960,1224,0.0,0.0,0.0,0.0,46
1985 Oct ,249802,77123,0,0,0,0,0,0,0,0.0,0.0,859,6900,5503,0.0,0.0,25149,2623,0.0,28427,759,23260,1757,2114,537,4108,948,0.0,239,1183,434,0.0,22421,2989,18180,0.0,42425,904,1275,611,3799,6695,1848,3530,798,0.0,0.0,0,1762,3167,14185,0.0,32675,26611,5309,755,1295,0.0,0.0,0.0,0.0,69
1985 Sep ,240007,74822,0,0,0,0,0,0,0,0.0,0.0,769,7040,6734,0.0,0.0,30147,2317,0.0,25349,647,20754,1590,1750,608,4287,1087,0.0,199,1313,464,0.0,15262,1933,12330,0.0,34971,786,918,322,3205,5545,1721,3603,660,0.0,0.0,0,1278,2066,12004,0.0,36473,29276,6206,991,1467,0.0,0.0,0.0,0.0,56
1985 Aug ,279252,82641,0,0,0,0,0,0,0,0.0,0.0,800,12507,8858,0.0,0.0,41768,2836,0.0,24626,788,19684,1644,1905,605,6454,1235,0.0,344,2333,886,0.0,17537,2310,13872,0.0,42201,967,761,265,4883,6100,4284,3635,553,0.0,0.0,0,1041,2050,13574,0.0,37038,29119,6947,972,1467,0.0,0.0,0.0,0.0,45
1985 Jul ,264253,85749,0,0,0,0,0,0,0,0.0,0.0,977,10368,8103,0.0,0.0,32045,2464,0.0,22784,869,17349,2234,1751,581,6312,1351,0.0,305,2368,856,0.0,20436,2584,15657,0.0,39528,1125,837,315,4191,5649,2085,5114,818,0.0,0.0,0,1134,2603,12370,0.0,33939,27202,5839,898,1156,0.0,0.0,0.0,0.0,75
1985 Jun ,247225,97448,0,0,0,0,0,0,0,0.0,0.0,719,7397,5357,0.0,0.0,28613,2337,0.0,22186,647,17496,1449,1872,722,4984,1151,0.0,218,2016,560,0.0,16376,1960,13329,0.0,29010,587,743,394,2678,4350,1555,3053,687,0.0,0.0,0,1109,1870,9571,0.0,31580,25801,4873,906,957,0.0,0.0,0.0,0.0,108
1985 May ,244179,82050,0,0,0,0,0,0,0,0.0,0.0,727,6180,5970,0.0,0.0,29726,2536,0.0,24757,693,19821,1717,2038,488,4677,1280,0.0,183,1475,626,0.0,19507,2405,15822,0.0,33830,718,777,496,3269,5321,1698,2978,615,0.0,0.0,0,1461,2309,11331,0.0,33043,26843,5495,705,963,0.0,0.0,0.0,0.0,84
1985 Apr ,237011,85848,0,0,0,0,0,0,0,0.0,0.0,485,7383,5772,0.0,0.0,26835,2526,0.0,19086,713,13534,1663,2590,586,4446,879,0.0,217,1528,682,0.0,17271,2553,13598,0.0,39575,752,1028,487,3554,6523,1812,3165,842,0.0,0.0,0,1863,2721,13631,0.0,26688,21721,4264,703,830,0.0,0.0,0.0,0.0,76
1985 Mar ,262117,83281,0,0,0,0,0,0,0,0.0,0.0,698,7513,7570,0.0,0.0,39595,2607,0.0,21284,713,16223,1627,2216,505,6614,2724,0.0,283,1837,655,0.0,20311,3035,16755,0.0,46387,759,1211,443,3772,7986,2070,3485,1027,0.0,0.0,0,1986,2863,16929,0.0,25112,20781,3644,687,920,0.0,0.0,0.0,0.0,95
1985 Feb ,230830,72514,0,0,0,0,0,0,0,0.0,0.0,504,12017,10103,0.0,0.0,30455,2342,0.0,19603,681,14859,1626,1973,464,6502,2460,0.0,344,2090,489,0.0,16954,3157,13388,0.0,37414,702,931,395,3063,6012,2357,3008,819,0.0,0.0,0,1532,2683,12762,0.0,21515,18077,2708,730,628,0.0,0.0,0.0,0.0,119
1985 Jan ,248446,79784,0,0,0,0,0,0,0,0.0,0.0,670,6032,5575,0.0,0.0,30654,2840,0.0,23873,969,18435,1962,2028,479,6249,2331,0.0,268,1728,640,0.0,16689,2676,13557,0.0,38909,776,971,545,2622,6074,2576,3227,835,0.0,0.0,0,1864,3170,13252,0.0,35942,30840,4129,973,966,0.0,0.0,0.0,0.0,129
1984 Dec ,272668,110948,0,0,0,0,0,0,0,0.0,0.0,670,7879,7214,0.0,0.0,30168,2926,0.0,22255,981,16861,1466,2420,527,5728,1386,0.0,339,2100,732,0.0,16726,2180,14063,0.0,37858,807,1020,476,2953,6286,2306,2902,813,0.0,0.0,0,1739,2915,12338,0.0,28559,23769,3759,1031,1442,0.0,0.0,0.0,0.0,151
1984 Nov ,248137,85587,0,0,0,0,0,0,0,0.0,0.0,526,6661,6692,0.0,0.0,30340,3223,0.0,20116,873,15409,1565,1833,436,4648,1266,0.0,204,1415,581,0.0,19970,2639,16636,0.0,41181,854,1083,537,3550,7540,2098,2875,869,0.0,0.0,0,2082,2615,13444,0.0,28056,23141,4202,713,933,0.0,0.0,0.0,0.0,61
1984 Oct ,257737,87322,0,0,0,0,0,0,0,0.0,0.0,460,6784,5388,0.0,0.0,29566,3007,0.0,23938,857,18523,1648,2429,481,4607,875,0.0,204,1297,538,0.0,23260,2560,19295,0.0,40637,851,969,816,3804,6882,2039,3480,819,0.0,0.0,0,1700,2718,13290,0.0,31496,25549,5288,659,1027,0.0,0.0,0.0,0.0,59
1984 Sep ,239438,81071,0,0,0,0,0,0,0,0.0,0.0,587,7172,5448,0.0,0.0,29810,2761,0.0,21406,877,16576,1249,2413,291,4507,442,0.0,209,1924,595,0.0,16236,1633,13610,0.0,33367,750,707,311,3471,5267,1646,3642,680,0.0,0.0,0,1055,1727,11320,0.0,35528,28651,6127,750,1281,0.0,0.0,0.0,0.0,51
1984 Aug ,282186,90807,0,0,0,0,0,0,0,0.0,0.0,412,12989,7899,0.0,0.0,43327,3037,0.0,20370,962,15154,1582,2221,451,5167,393,0.0,259,2282,802,0.0,15988,1968,13030,0.0,41075,867,682,238,5411,6042,3927,3992,645,0.0,0.0,0,965,1960,12741,0.0,39594,30686,8141,767,1228,0.0,0.0,0.0,0.0,73
1984 Jul ,261402,92009,0,0,0,0,0,0,0,0.0,0.0,377,10090,9073,0.0,0.0,28958,3060,0.0,22558,750,17539,2038,1838,393,5636,48,0.0,307,2743,936,0.0,17204,2207,13603,0.0,37822,1216,737,196,4387,5425,2153,4757,731,0.0,0.0,0,957,2474,11655,0.0,33273,25925,6545,803,1133,0.0,0.0,0.0,0.0,47
1984 Jun ,240184,95721,0,0,0,0,0,0,0,0.0,0.0,408,7289,5318,0.0,0.0,26819,3511,0.0,20864,923,16308,1373,1839,421,3501,30,0.0,226,1622,727,0.0,16992,1940,14252,0.0,26877,490,679,227,2863,3879,1692,2599,625,0.0,0.0,0,847,1436,9380,0.0,31814,25808,5310,696,908,0.0,0.0,0.0,0.0,52
1984 May ,248953,89534,0,0,0,0,0,0,0,0.0,0.0,337,6975,6206,0.0,0.0,28791,3004,0.0,24736,838,20049,1477,2016,356,3232,43,0.0,224,1270,624,0.0,19802,2140,16648,0.0,32447,810,773,365,3215,5144,1757,3247,619,0.0,0.0,0,1292,2023,10737,0.0,32662,26860,5217,585,1077,0.0,0.0,0.0,0.0,20
1984 Apr ,245480,95523,0,0,0,0,0,0,0,0.0,0.0,287,8039,6118,0.0,0.0,25717,2968,0.0,19654,776,14602,1681,2176,419,4180,26,0.0,436,1805,806,0.0,16874,2132,13846,0.0,39346,868,934,334,3292,7822,2014,3442,833,0.0,0.0,0,1538,2375,12867,0.0,25582,20890,4029,663,1020,0.0,0.0,0.0,0.0,39
1984 Mar ,239414,82768,0,0,0,0,0,0,0,0.0,0.0,253,6814,7112,0.0,0.0,36480,3095,0.0,18611,607,13413,1751,2519,321,3512,60,0.0,238,1546,720,0.0,18727,2542,15654,0.0,39297,716,933,376,3415,6978,2210,2904,775,0.0,0.0,0,1600,2337,14301,0.0,21630,17520,3508,602,934,0.0,0.0,0.0,0.0,34
1984 Feb ,221968,74694,0,0,0,0,0,0,0,0.0,0.0,287,10968,9041,0.0,0.0,29870,2528,0.0,17900,812,13476,1598,1741,273,3146,32,0.0,267,1361,524,0.0,16407,2415,13587,0.0,36707,737,965,411,3046,5685,1701,2959,821,0.0,0.0,0,1360,2573,13618,0.0,19363,15901,2643,819,888,0.0,0.0,0.0,0.0,33
1984 Jan ,233863,77988,0,0,0,0,0,0,0,0.0,0.0,342,6882,4761,0.0,0.0,29688,2754,0.0,19801,826,14758,1658,2236,323,4293,53,0.0,179,2464,685,0.0,15674,2563,12659,0.0,38344,678,867,315,2800,5837,2094,3356,873,0.0,0.0,0,1613,2703,14484,0.0,31593,26441,4108,1044,1644,0.0,0.0,0.0,0.0,38
1983 Dec ,254939,108963,0,0,0,0,0,0,0,0.0,0.0,376,7330,5761,0.0,0.0,27182,3040,0.0,19365,692,14173,1568,2538,394,3824,28,0.0,138,1715,883,0.0,14813,2218,12123,0.0,35066,705,911,302,2513,5546,1684,2955,840,0.0,0.0,0,1330,2445,13361,0.0,27447,22322,4151,974,1663,0.0,0.0,0.0,0.0,30
1983 Nov ,237223,87616,0,0,0,0,0,0,0,0.0,0.0,264,6262,5505,0.0,0.0,31332,2736,0.0,17391,686,12927,1401,2086,291,3748,27,0.0,171,1181,613,0.0,19538,2950,15948,0.0,39194,790,964,647,2962,6896,1898,3130,818,0.0,0.0,0,1878,2560,13480,0.0,22433,18031,3712,690,1045,0.0,0.0,0.0,0.0,33
1983 Oct ,240012,84634,0,0,0,0,0,0,0,0.0,0.0,248,6450,4545,0.0,0.0,29194,3216,0.0,18461,833,14132,1098,2203,195,3530,21,0.0,152,1002,543,0.0,22763,2665,19019,0.0,36835,943,987,452,2987,6185,1680,3398,693,0.0,0.0,0,1478,2369,13024,0.0,28920,22792,5433,695,1128,0.0,0.0,0.0,0.0,39
1983 Sep ,230076,82606,0,0,0,0,0,0,0,0.0,0.0,236,6936,4158,0.0,0.0,29326,3288,0.0,19097,816,14996,1082,1966,237,4711,11,0.0,147,2333,850,0.0,15444,1716,12744,0.0,31629,617,684,250,2836,5087,1437,3572,561,0.0,0.0,0,901,1717,11644,0.0,31325,24313,6266,746,1188,0.0,0.0,0.0,0.0,35
1983 Aug ,263236,86275,0,0,0,0,0,0,0,0.0,0.0,350,11841,6451,0.0,0.0,41582,3272,0.0,19784,952,15477,1420,1720,215,4330,36,0.0,186,2147,847,0.0,16535,2117,13521,0.0,39112,826,617,207,4187,5728,3124,4177,473,0.0,0.0,0,659,1788,13864,0.0,32509,24729,7157,623,1044,0.0,0.0,0.0,0.0,39
1983 Jul ,249891,94612,0,0,0,0,0,0,0,0.0,0.0,322,9014,6692,0.0,0.0,28034,3658,0.0,18235,649,14558,1233,1591,204,5629,26,0.0,233,2848,1193,0.0,17215,2139,14019,0.0,36438,1121,734,172,3912,5601,1677,4686,599,0.0,0.0,0,866,2057,12554,0.0,29012,22580,5755,677,917,0.0,0.0,0.0,0.0,33
1983 Jun ,227843,93422,0,0,0,0,0,0,0,0.0,0.0,206,7102,4000,0.0,0.0,25444,2932,0.0,18766,680,14707,1301,1882,196,3164,14,0.0,225,1440,724,0.0,17102,1968,14221,0.0,26056,534,649,224,2318,4274,1398,2889,611,0.0,0.0,0,776,1345,9164,0.0,28702,22287,5727,688,815,0.0,0.0,0.0,0.0,44
1983 May ,236720,91603,0,0,0,0,0,0,0,0.0,0.0,205,5720,5572,0.0,0.0,27651,3136,0.0,21000,632,16807,1368,1919,274,3047,15,0.0,208,1215,623,0.0,17862,2598,14578,0.0,30296,600,577,513,2586,4773,1627,3500,728,0.0,0.0,0,1048,1782,10500,0.0,29522,23422,5416,684,1037,0.0,0.0,0.0,0.0,33
1983 Apr ,226610,94019,0,0,0,0,0,0,0,0.0,0.0,183,7822,5097,0.0,0.0,24018,2888,0.0,14698,728,10410,1425,1954,181,3484,17,0.0,159,1417,745,0.0,16749,2297,13836,0.0,34228,757,788,318,3425,5610,1574,3245,789,0.0,0.0,0,1238,1988,12314,0.0,22473,18387,3512,574,852,0.0,0.0,0.0,0.0,30
1983 Mar ,242272,87871,0,0,0,0,0,0,0,0.0,0.0,186,7210,6769,0.0,0.0,40321,3096,0.0,12805,572,8802,1305,1938,188,3737,32,0.0,305,1766,645,0.0,17103,2357,14274,0.0,39149,815,972,356,3307,7086,1800,3103,897,0.0,0.0,0,1514,2558,14448,0.0,23077,19143,3261,673,804,0.0,0.0,0.0,0.0,48
1983 Feb ,212591,74957,0,0,0,0,0,0,0,0.0,0.0,94,11397,8792,0.0,0.0,33740,2584,0.0,11338,617,7902,1075,1534,210,3439,17,0.0,241,1742,576,0.0,14230,2371,11409,0.0,32877,635,981,358,2677,5146,1585,2816,852,0.0,0.0,0,1291,2061,12304,0.0,18373,14905,2571,897,654,0.0,0.0,0.0,0.0,58
1983 Jan ,232164,82605,0,0,0,0,0,0,0,0.0,0.0,201,5771,4666,0.0,0.0,32815,3538,0.0,13690,749,9467,1396,1800,278,3854,16,0.0,202,1938,742,0.0,14725,2446,11745,0.0,37184,527,924,413,3355,5409,1972,3107,809,0.0,0.0,0,1542,2699,13768,0.0,31645,26526,4022,1097,1359,0.0,0.0,0.0,0.0,78
1982 Dec ,254632,113372,0,0,0,0,0,0,0,0.0,0.0,179,8182,6056,0.0,0.0,27014,3183,0.0,14631,645,10131,1422,2005,428,3771,20,0.0,199,1712,795,0.0,13858,2060,11311,0.0,33830,557,755,343,2741,5026,1488,2889,741,0.0,0.0,0,1467,2302,13234,0.0,28940,23737,4075,1128,1400,0.0,0.0,0.0,0.0,180
1982 Nov ,257389,107234,0,0,0,0,0,0,0,0.0,0.0,104,6035,5413,0.0,0.0,32760,3502,0.0,16427,520,12301,1415,1846,345,3345,31,0.0,146,1328,603,0.0,16628,2017,14065,0.0,37681,662,908,479,3241,5732,1713,3137,964,0.0,0.0,0,1727,2829,13399,0.0,26912,22560,3707,645,1036,0.0,0.0,0.0,0.0,191
1982 Oct ,251613,103682,0,0,0,0,0,0,0,0.0,0.0,176,6691,4844,0.0,0.0,28806,3275,0.0,14267,585,10761,1017,1648,256,3602,16,0.0,176,1294,617,0.0,19651,2198,16555,0.0,36681,719,871,516,3359,5976,1406,3297,945,0.0,0.0,0,1404,2418,13061,0.0,28758,21460,6608,690,949,0.0,0.0,0.0,0.0,176
1982 Sep ,232006,94177,0,0,0,0,0,0,0,0.0,0.0,219,6777,4789,0.0,0.0,29157,3031,0.0,12521,704,8568,1153,1789,307,4524,47,0.0,182,2444,752,0.0,13735,1556,11174,0.0,31303,600,714,198,3191,4674,1460,3596,628,0.0,0.0,0,844,1641,11348,0.0,30308,23583,6052,673,1188,0.0,0.0,0.0,0.0,196
1982 Aug ,281354,102176,0,0,0,0,0,0,0,0.0,0.0,73,12636,6637,0.0,0.0,45289,2649,0.0,13299,717,8965,1440,1872,305,5704,85,0.0,261,2845,1096,0.0,15172,1874,11759,0.0,41129,894,634,116,5949,5794,3376,4460,724,0.0,0.0,0,736,1783,13600,0.0,35136,26843,7467,826,1073,0.0,0.0,0.0,0.0,250
1982 Jul ,277968,125214,0,0,0,0,0,0,0,0.0,0.0,67,9746,6255,0.0,0.0,28765,2959,0.0,11276,631,7651,1057,1710,227,4764,64,0.0,219,2555,1032,0.0,16309,2238,12462,0.0,37425,840,659,167,4525,5480,1537,5550,628,0.0,0.0,0,873,2069,12362,0.0,34074,27156,6228,690,781,0.0,0.0,0.0,0.0,268
1982 Jun ,243955,107441,0,0,0,0,0,0,0,0.0,0.0,89,6357,3772,0.0,0.0,28715,3032,0.0,14094,749,10322,1291,1379,353,3409,49,0.0,178,1678,731,0.0,14354,1799,11716,0.0,26525,485,524,235,2624,3969,1504,2941,709,0.0,0.0,0,765,1451,9402,0.0,35173,28973,5469,731,757,0.0,0.0,0.0,0.0,154
1982 May ,232737,95876,0,0,0,0,0,0,0,0.0,0.0,49,5686,4703,0.0,0.0,27602,2745,0.0,17101,668,13381,1134,1662,256,3222,88,0.0,181,1395,667,0.0,17131,2095,13980,0.0,30016,734,558,350,3205,4327,1567,3143,652,0.0,0.0,0,977,1774,10667,0.0,27511,21446,5355,710,868,0.0,0.0,0.0,0.0,196
1982 Apr ,225827,90806,0,0,0,0,0,0,0,0.0,0.0,34,7671,5036,0.0,0.0,24943,2771,0.0,13555,634,9628,1131,1835,327,3690,82,0.0,169,1675,788,0.0,16164,2172,12879,0.0,35613,780,567,283,3268,6769,1421,3047,677,0.0,0.0,0,1283,2227,12426,0.0,24377,20562,3168,647,955,0.0,0.0,0.0,0.0,151
1982 Mar ,235113,82332,0,0,0,0,0,0,0,0.0,0.0,46,6177,5552,0.0,0.0,38273,2638,0.0,13847,867,9521,1181,1909,369,3924,120,0.0,596,1729,656,0.0,15901,2388,12892,0.0,39669,777,829,335,3610,7001,2440,3114,806,0.0,0.0,0,1596,2406,13998,0.0,25585,21105,3915,565,922,0.0,0.0,0.0,0.0,164
1982 Feb ,225008,80910,0,0,0,0,0,0,0,0.0,0.0,72,6371,6204,0.0,0.0,36004,2308,0.0,14520,961,10453,1055,1729,322,3366,83,0.0,275,1493,586,0.0,15162,2411,12150,0.0,37046,636,896,299,2954,6381,2620,2962,840,0.0,0.0,0,1484,2381,13081,0.0,21465,17638,2972,855,1112,0.0,0.0,0.0,0.0,433
1982 Jan ,239088,86569,0,0,0,0,0,0,0,0.0,0.0,168,10529,5820,0.0,0.0,31173,1831,0.0,14148,1079,9777,1151,1817,324,3687,111,0.0,220,1505,813,0.0,12654,2140,9724,0.0,37600,607,843,226,2472,6985,2503,3284,739,0.0,0.0,0,1442,2873,13322,0.0,32964,26900,4872,1192,1570,0.0,0.0,0.0,0.0,327
1981 Dec ,263249,116960,0,0,0,0,0,0,0,0.0,0.0,106,7396,5376,0.0,0.0,28047,2543,0.0,18008,1248,12576,1233,2586,365,3456,97,0.0,148,1539,776,0.0,12621,2112,9958,0.0,37010,660,732,347,3011,6392,1850,3041,684,0.0,0.0,0,1481,2555,13479,0.0,29564,23841,4590,1133,1641,0.0,0.0,0.0,0.0,474
1981 Nov ,245404,94658,0,0,0,0,0,0,0,0.0,0.0,112,5832,4426,0.0,0.0,33614,2199,0.0,15162,1057,10327,1154,2240,384,3026,76,0.0,134,1163,586,0.0,17791,2400,14452,0.0,39964,801,829,374,3753,6974,1988,3771,936,0.0,0.0,0,1752,2626,13044,0.0,27379,22513,3977,889,823,0.0,0.0,0.0,0.0,361
1981 Oct ,240681,93420,0,0,0,0,0,0,0,0.0,0.0,67,5329,3775,0.0,0.0,25680,1945,0.0,15503,1086,11122,960,2020,315,4748,62,0.0,167,2576,695,0.0,18965,2179,15050,0.0,40914,936,745,432,4233,7036,1713,3963,891,0.0,0.0,0,1640,2569,13607,0.0,28594,22322,5629,643,1091,0.0,0.0,0.0,0.0,591
1981 Sep ,207056,79990,0,0,0,0,0,0,0,0.0,0.0,34,5854,3402,0.0,0.0,27138,1545,0.0,12110,798,8196,1100,1674,342,3780,62,0.0,147,1885,698,0.0,12854,1320,10235,0.0,32118,600,485,169,3397,5546,1491,4249,568,0.0,0.0,0,757,1563,10809,0.0,26882,20311,5950,621,1056,0.0,0.0,0.0,0.0,251
1981 Aug ,275950,99249,0,0,0,0,0,0,0,0.0,0.0,78,11244,5626,0.0,0.0,44867,2071,0.0,13864,990,9229,1306,1979,360,5552,81,0.0,391,2587,1146,0.0,15388,1751,11678,0.0,46267,1142,461,137,7217,7395,4012,5443,547,0.0,0.0,0,880,1676,13823,0.0,30210,22540,6883,787,1149,0.0,0.0,0.0,0.0,282
1981 Jul ,255314,105704,0,0,0,0,0,0,0,0.0,0.0,16,8341,5424,0.0,0.0,27078,1970,0.0,14153,1033,9366,1545,1889,320,4278,102,0.0,199,2138,915,0.0,16685,2091,12402,0.0,40058,1433,618,155,4774,6776,1787,6316,632,0.0,0.0,0,1003,2387,11519,0.0,30293,24046,5529,718,1118,0.0,0.0,0.0,0.0,139
1981 Jun ,225874,100825,0,0,0,0,0,0,0,0.0,0.0,46,5986,3687,0.0,0.0,24589,2101,0.0,14504,734,10374,1541,1531,324,3494,89,0.0,213,1599,757,0.0,14905,1591,11935,0.0,26486,567,500,147,2680,4272,1333,3668,629,0.0,0.0,0,751,1474,8712,0.0,28192,21782,5731,679,787,0.0,0.0,0.0,0.0,181
1981 May ,220442,90471,0,0,0,0,0,0,0,0.0,0.0,61,5316,3640,0.0,0.0,24873,1876,0.0,16413,693,12380,1303,1620,417,2801,106,0.0,186,1193,554,0.0,16726,1827,12743,0.0,30605,712,673,198,2858,4982,1521,3942,583,0.0,0.0,0,1032,1705,10259,0.0,26451,20643,5088,720,932,0.0,0.0,0.0,0.0,255
1981 Apr ,226025,94603,0,0,0,0,0,0,0,0.0,0.0,72,7854,3680,0.0,0.0,23208,1672,0.0,13944,775,9935,1313,1605,316,3266,134,0.0,149,1340,692,0.0,15263,2105,11297,0.0,38167,940,600,349,3334,8203,2097,3614,817,0.0,0.0,0,1401,1958,12048,0.0,23100,18725,3701,674,882,0.0,0.0,0.0,0.0,265
1981 Mar ,225654,84997,0,0,0,0,0,0,0,0.0,0.0,47,6133,5265,0.0,0.0,34243,1395,0.0,11816,842,7837,1322,1444,371,3584,79,0.0,645,1436,524,0.0,14818,2444,11647,0.0,40798,861,865,352,3879,7276,2507,3723,756,0.0,0.0,0,1581,2193,14089,0.0,21395,17334,3463,598,870,0.0,0.0,0.0,0.0,248
1981 Feb ,215701,76720,0,0,0,0,0,0,0,0.0,0.0,42,11199,7289,0.0,0.0,31356,1217,0.0,10578,777,7214,1127,1131,329,3075,68,0.0,296,1374,442,0.0,15612,2197,12194,0.0,36003,682,1031,247,2759,6613,2147,3680,638,0.0,0.0,0,1757,2053,12097,0.0,21591,17795,2926,870,698,0.0,0.0,0.0,0.0,261
1981 Jan ,227549,84491,0,0,0,0,0,0,0,0.0,0.0,49,5271,3753,0.0,0.0,30147,1462,0.0,12163,766,8335,1475,1268,319,3165,59,0.0,253,1343,549,0.0,13646,2177,10001,0.0,39109,656,767,239,2769,8369,2826,4160,739,0.0,0.0,0,2210,2706,11556,0.0,32378,26757,4517,1104,1497,0.0,0.0,0.0,0.0,399
1980 Dec ,248113,113543,0,0,0,0,0,0,0,0.0,0.0,90,7821,6049,0.0,0.0,24929,1545,0.0,13715,766,9163,1676,1761,349,3160,61,0.0,181,1504,527,0.0,11969,1813,9643,0.0,35903,0,701,306,2310,7219,2867,3184,688,0.0,0.0,0,1636,2446,11586,0.0,27715,22370,4230,1115,1122,0.0,0.0,0.0,0.0,526
1980 Nov ,224756,90919,0,0,0,0,0,0,0,0.0,0.0,41,5342,4812,0.0,0.0,26036,1426,0.0,10689,757,6663,1300,1703,266,2587,76,0.0,125,1102,397,0.0,18368,2132,15306,0.0,38317,0,926,311,3676,7453,2098,3991,810,0.0,0.0,0,1930,2357,11088,0.0,24616,19458,4204,954,817,0.0,0.0,0.0,0.0,693
1980 Oct ,220704,87485,0,0,0,0,0,0,0,0.0,0.0,47,5913,4388,0.0,0.0,20085,1293,0.0,11713,802,8028,1227,1416,240,4358,69,0.0,196,2226,559,0.0,18564,1886,14576,0.0,37821,0,854,300,3292,6686,1671,3821,715,0.0,0.0,0,1407,2281,12421,0.0,27363,21348,5276,739,990,0.0,0.0,0.0,0.0,629
1980 Sep ,199252,78966,0,0,0,0,0,0,0,0.0,0.0,45,5916,3668,0.0,0.0,23173,1116,0.0,10146,718,6445,1626,1130,227,3646,332,0.0,230,1394,568,0.0,13397,1301,10553,0.0,29775,0,526,146,3277,5144,1447,3878,591,0.0,0.0,0,882,1264,9817,0.0,27727,20269,6751,707,938,0.0,0.0,0.0,0.0,679
1980 Aug ,247926,95235,0,0,0,0,0,0,0,0.0,0.0,42,11089,5220,0.0,0.0,33648,1154,0.0,9306,574,6064,1110,1247,311,5324,592,0.0,302,2354,828,0.0,14299,1626,11096,0.0,41659,0,585,107,6099,6826,4310,4698,611,0.0,0.0,0,671,1593,11277,0.0,29002,20401,7751,850,995,0.0,0.0,0.0,0.0,904
1980 Jul ,227464,92221,0,0,0,0,0,0,0,0.0,0.0,36,8915,5309,0.0,0.0,22182,1157,0.0,10356,729,6654,1531,1228,214,4307,403,0.0,221,2018,718,0.0,15256,1806,11374,0.0,37001,0,565,152,3988,6232,1875,6322,485,0.0,0.0,0,737,2039,10285,0.0,29063,21202,6982,879,867,0.0,0.0,0.0,0.0,732
1980 Jun ,195567,85238,0,0,0,0,0,0,0,0.0,0.0,21,5561,3424,0.0,0.0,17557,1256,0.0,11662,565,8505,1227,1152,213,3802,257,0.0,278,1807,599,0.0,13405,1359,10870,0.0,25972,0,518,109,2469,4370,1294,4277,620,0.0,0.0,0,755,1363,7517,0.0,26247,18937,6538,772,713,0.0,0.0,0.0,0.0,649
1980 May ,204398,82741,0,0,0,0,0,0,0,0.0,0.0,52,5237,4740,0.0,0.0,21310,1550,0.0,13956,769,10443,1187,1272,285,2922,202,0.0,150,1257,469,0.0,14724,1686,11127,0.0,28974,0,584,85,3034,4854,1540,3531,557,0.0,0.0,0,733,1259,8332,0.0,26709,19606,6456,647,762,0.0,0.0,0.0,0.0,696
1980 Apr ,198860,85557,0,0,0,0,0,0,0,0.0,0.0,73,6770,4107,0.0,0.0,18765,1334,0.0,9403,650,6056,1291,1181,225,3516,411,0.0,172,1379,495,0.0,13428,1618,10638,0.0,31273,0,681,155,2940,6187,1431,3150,633,0.0,0.0,0,1036,1561,10181,0.0,23016,18424,3892,700,947,0.0,0.0,0.0,0.0,640
1980 Mar ,204710,76289,0,0,0,0,0,0,0,0.0,0.0,69,5638,5666,0.0,0.0,27366,1257,0.0,9163,676,5980,1061,1247,199,4637,1433,0.0,615,1214,509,0.0,14196,1962,11681,0.0,39283,0,900,263,3591,6871,2700,3846,654,0.0,0.0,0,1370,2063,12924,0.0,19765,15724,3442,599,702,0.0,0.0,0.0,0.0,643
1980 Feb ,189235,69456,0,0,0,0,0,0,0,0.0,0.0,81,9913,5334,0.0,0.0,25617,1075,0.0,8131,626,5355,864,1039,247,3154,349,0.0,459,1173,390,0.0,12963,2085,10059,0.0,33587,0,1047,171,2525,5604,2504,3037,705,0.0,0.0,0,1100,1777,11725,0.0,18690,14784,3138,768,626,0.0,0.0,0.0,0.0,561
1980 Jan ,201100,74328,0,0,0,0,0,0,0,0.0,0.0,42,4367,3611,0.0,0.0,26727,1111,0.0,9050,706,6106,967,1102,169,2897,338,0.0,286,1097,447,0.0,11478,1601,8842,0.0,33908,0,777,168,3035,5593,2603,3402,593,0.0,0.0,0,1242,1969,11204,0.0,31933,26663,4383,887,1016,0.0,0.0,0.0,0.0,607
1979 Dec ,209538,96028,0,0,0,0,0,0,0,0.0,0.0,32,6468,5254,0.0,0.0,20656,1170,0.0,9914,725,6608,985,1369,227,2936,296,0.0,169,1164,486,0.0,10532,1546,8507,0.0,31278,0,738,205,2574,5173,2042,3421,603,0.0,0.0,0,1173,1782,10274,0.0,23526,17758,4731,1037,1109,0.0,0.0,0.0,0.0,609
1979 Nov ,198778,80411,0,0,0,0,0,0,0,0.0,0.0,75,4525,4891,0.0,0.0,24247,1221,0.0,8138,538,5550,720,1122,208,3733,292,0.0,239,1444,501,0.0,15909,1955,12384,0.0,36906,0,808,296,3116,6773,2017,3667,695,0.0,0.0,0,1474,2215,11880,0.0,17486,13017,3758,711,671,0.0,0.0,0.0,0.0,556
1979 Oct ,194919,78023,0,0,0,0,0,0,0,0.0,0.0,42,5052,4129,0.0,0.0,20282,1313,0.0,8587,571,5930,903,993,190,3974,233,0.0,247,1905,516,0.0,16113,1474,13159,0.0,33652,0,755,190,3064,5788,1477,3534,624,0.0,0.0,0,1055,1722,11243,0.0,22257,15967,5609,681,831,0.0,0.0,0.0,0.0,634
1979 Sep ,179596,72044,0,0,0,0,0,0,0,0.0,0.0,14,4702,4119,0.0,0.0,20267,1162,0.0,8202,587,5406,829,1213,167,3273,222,0.0,206,1480,457,0.0,11235,1144,8660,0.0,26788,0,512,94,3023,3930,1302,3231,476,0.0,0.0,0,588,1236,9009,0.0,26370,18890,6642,838,818,0.0,0.0,0.0,0.0,584
1979 Aug ,214021,81806,0,0,0,0,0,0,0,0.0,0.0,21,7965,5883,0.0,0.0,28200,924,0.0,7359,634,4424,937,1165,199,3688,266,0.0,284,1584,623,0.0,12066,1368,9686,0.0,36803,0,480,55,6525,5164,3688,4245,530,0.0,0.0,0,528,1518,9714,0.0,27725,19293,7637,795,707,0.0,0.0,0.0,0.0,861
1979 Jul ,200664,84122,0,0,0,0,0,0,0,0.0,0.0,40,6209,5308,0.0,0.0,20061,1015,0.0,8312,611,5198,1167,1075,261,3202,234,0.0,260,1153,624,0.0,13056,1450,10154,0.0,34302,0,533,68,5306,4534,1498,5720,561,0.0,0.0,0,552,1722,8952,0.0,23451,16105,6692,654,703,0.0,0.0,0.0,0.0,864
1979 Jun ,177746,79069,0,0,0,0,0,0,0,0.0,0.0,13,3920,3403,0.0,0.0,18307,944,0.0,8821,604,5959,1042,1068,148,2618,186,0.0,217,967,507,0.0,11702,1182,9499,0.0,24205,0,500,71,2779,3746,1182,3531,510,0.0,0.0,0,531,1179,7452,0.0,23361,16574,6133,654,601,0.0,0.0,0.0,0.0,768
1979 May ,175055,71724,0,0,0,0,0,0,0,0.0,0.0,3,3876,4243,0.0,0.0,17023,1096,0.0,10243,715,7174,1081,1082,191,2376,112,0.0,151,847,450,0.0,13281,1567,10487,0.0,24089,0,476,91,2484,3992,1124,3207,523,0.0,0.0,0,636,1366,7641,0.0,25726,19273,5961,492,698,0.0,0.0,0.0,0.0,656
1979 Apr ,179714,76483,0,0,0,0,0,0,0,0.0,0.0,7,5180,4068,0.0,0.0,16002,970,0.0,8913,500,6193,844,1237,139,2647,61,0.0,174,930,522,0.0,12278,1482,10040,0.0,31821,0,542,100,3701,6841,1351,3164,524,0.0,0.0,0,928,1650,9187,0.0,19760,15280,3941,539,878,0.0,0.0,0.0,0.0,691
1979 Mar ,176654,68836,0,0,0,0,0,0,0,0.0,0.0,13,4158,4768,0.0,0.0,21471,950,0.0,9153,546,6446,855,1119,187,2868,65,0.0,440,1070,472,0.0,12324,1595,10341,0.0,33856,0,728,200,3631,6372,2311,2924,742,0.0,0.0,0,1137,1555,11223,0.0,17050,13494,3096,460,475,0.0,0.0,0.0,0.0,725
1979 Feb ,160618,57866,0,0,0,0,0,0,0,0.0,0.0,6,5124,3604,0.0,0.0,23356,716,0.0,7867,460,5571,759,918,159,2437,66,0.0,690,700,331,0.0,10558,1615,8378,0.0,31150,0,819,160,3042,5717,2201,2631,558,0.0,0.0,0,986,1506,10703,0.0,16686,13536,2503,647,458,0.0,0.0,0.0,0.0,777
1979 Jan ,179788,65825,0,0,0,0,0,0,0,0.0,0.0,100,5485,2026,0.0,0.0,20383,639,0.0,8771,719,5936,846,1100,170,2266,104,0.0,371,685,439,0.0,9500,1507,7449,0.0,31023,0,772,100,2796,5510,2567,2943,438,0.0,0.0,0,961,1850,10071,0.0,32074,27175,4084,815,729,0.0,0.0,0.0,0.0,948
1978 Dec ,189687,87269,0,0,0,0,0,0,0,0.0,0.0,13,4856,3426,0.0,0.0,17087,801,0.0,8781,605,5807,747,1384,238,2418,360,0.0,165,697,457,0.0,9210,1373,7503,0.0,26579,0,543,219,2003,5042,1618,2622,472,0.0,0.0,0,853,1672,9347,0.0,27490,22197,4487,806,841,0.0,0.0,0.0,0.0,894
1978 Nov ,181463,71323,0,0,0,0,0,0,0,0.0,0.0,81,3865,3540,0.0,0.0,21717,876,0.0,8277,440,6003,580,1017,237,3456,252,0.0,287,1313,515,0.0,15438,1792,13027,0.0,32784,0,860,184,3075,6087,1998,2939,671,0.0,0.0,0,1242,1903,9871,0.0,18714,14866,3241,607,650,0.0,0.0,0.0,0.0,715
1978 Oct ,177639,71707,0,0,0,0,0,0,0,0.0,0.0,17,3825,2643,0.0,0.0,16897,740,0.0,8170,524,5775,668,1001,202,2449,360,0.0,88,606,327,0.0,16983,1525,14039,0.0,29428,0,665,251,2693,5098,1254,3422,658,0.0,0.0,0,896,2052,9354,0.0,23513,18269,4731,513,701,0.0,0.0,0.0,0.0,551
1978 Sep ,167980,75304,0,0,0,0,0,0,0,0.0,0.0,4,3603,2269,0.0,0.0,13397,491,0.0,6987,352,5004,516,911,204,2862,263,0.0,141,1095,469,0.0,11026,1244,8839,0.0,24496,0,473,51,2980,4128,1445,3143,428,0.0,0.0,0,634,1383,7627,0.0,26114,19622,5970,522,866,0.0,0.0,0.0,0.0,551
1978 Aug ,201355,82899,0,0,0,0,0,0,0,0.0,0.0,6,7059,3421,0.0,0.0,24656,595,0.0,6718,552,4379,636,946,205,2756,380,0.0,171,841,442,0.0,11771,1247,9569,0.0,32959,0,309,64,6695,4834,3408,3883,431,0.0,0.0,0,405,1417,8156,0.0,27432,20802,6127,503,617,0.0,0.0,0.0,0.0,419
1978 Jul ,175968,73672,0,0,0,0,0,0,0,0.0,0.0,11,5376,2413,0.0,0.0,15363,686,0.0,6716,437,4220,893,912,254,2425,329,0.0,98,758,451,0.0,13928,1665,10945,0.0,29135,0,355,64,4386,4174,1195,5456,406,0.0,0.0,0,501,1823,7688,0.0,24986,19085,5441,460,662,0.0,0.0,0.0,0.0,580
1978 Jun ,149896,67746,0,0,0,0,0,0,0,0.0,0.0,1,3589,2112,0.0,0.0,12992,645,0.0,7211,467,4908,758,823,255,1901,273,0.0,164,463,395,0.0,12675,1179,10585,0.0,17048,0,339,81,1778,2806,830,2588,427,0.0,0.0,0,386,853,5545,0.0,22834,17915,4478,441,688,0.0,0.0,0.0,0.0,442
1978 May ,162667,68036,0,0,0,0,0,0,0,0.0,0.0,3,3212,2143,0.0,0.0,14472,674,0.0,7462,383,5272,720,885,202,2039,294,0.0,74,488,263,0.0,17022,2025,13448,0.0,20421,0,313,79,2248,3491,1028,2754,358,0.0,0.0,0,495,1189,6557,0.0,26288,20690,5130,468,514,0.0,0.0,0.0,0.0,374
1978 Apr ,162400,73782,0,0,0,0,0,0,0,0.0,0.0,11,3254,2336,0.0,0.0,13508,701,0.0,5860,443,3431,756,948,282,2007,286,0.0,65,538,273,0.0,13951,1586,11782,0.0,25613,0,356,103,3183,5309,1677,2649,434,0.0,0.0,0,697,1472,7470,0.0,20123,16499,3197,427,736,0.0,0.0,0.0,0.0,510
1978 Mar ,163199,63299,0,0,0,0,0,0,0,0.0,0.0,55,4510,2460,0.0,0.0,20136,601,0.0,6347,474,4141,657,809,266,3740,1706,0.0,287,560,321,0.0,11982,1662,9901,0.0,29549,0,535,139,2771,5583,2002,2575,614,0.0,0.0,0,895,1461,10289,0.0,19637,16536,2727,374,405,0.0,0.0,0.0,0.0,472
1978 Feb ,147954,57650,0,0,0,0,0,0,0,0.0,0.0,7,5805,1659,0.0,0.0,20394,493,0.0,5306,318,3493,565,681,249,1455,219,0.0,128,389,224,0.0,9996,1434,8251,0.0,26929,0,580,111,2694,4484,2192,2345,717,0.0,0.0,0,704,1596,9381,0.0,17189,13982,2521,686,354,0.0,0.0,0.0,0.0,657
1978 Jan ,167016,64500,0,0,0,0,0,0,0,0.0,0.0,56,3148,1956,0.0,0.0,18652,518,0.0,5870,251,3383,656,826,754,1420,304,0.0,58,367,216,0.0,10105,1328,8362,0.0,25643,0,551,84,2526,3955,2266,2309,409,0.0,0.0,0,837,2185,8512,0.0,32710,28421,3612,677,587,0.0,0.0,0.0,0.0,1807
